"","x","y"
"1",71.8131848089911,-22.2872265075476
"2",23.5511413609161,-71.6499896642045
"3",75.1468621075763,-21.8454127139213
"4",38.5388404259528,-49.7036016893838
"5",59.6655688223403,-24.2467542187266
"6",61.3794500796196,23.6873862947349
"7",9.49834496484591,-92.1721664428543
"8",21.7670337088733,-22.3914353220516
"9",48.6206522023827,41.296654911788
"10",98.2232999528306,-28.4860521278557
"11",70.485577966161,-23.0525277378559
"12",89.4714607467465,35.318755426116
"13",15.3825506358746,38.8107684527251
"14",88.0768132650307,-13.763376690488
"15",49.9197944522825,21.8068780463118
"16",98.8631051278115,21.3815418549879
"17",63.6482389628456,-10.2550097002219
"18",25.2279046882417,37.532562334637
"19",-8.57135350090287,-40.1755955856766
"20",96.1992753010339,18.0302199718502
"21",44.9239856586724,-46.1708667400724
"22",79.0783110814244,21.4107535430342
"23",18.5172361484588,-62.3285558694962
"24",47.3679337433865,10.4364794450144
"25",11.6322549558726,-2.27676852655374
"26",88.0637117819932,35.1523027520646
"27",60.6722319538917,52.0931634066562
"28",97.2399018887776,39.938669422549
"29",37.3998135509893,58.2613548978465
"30",59.1401827446914,68.5664644644793
"31",50.7277804464087,17.1835016258451
"32",75.718923064442,49.2140081259505
"33",20.409000548014,48.805987111017
"34",53.0906065135478,25.5468703963179
"35",56.8297278683261,8.64090820839549
"36",-5.64534313117582,-32.1465451303358
"37",-2.37841578103526,65.0643499881729
"38",-7.09042830405113,59.7058167116001
"39",25.0285582801143,19.9414957091429
"40",22.8140995881919,42.6028948675597
"41",33.6704589512604,38.4671327073762
"42",96.3756814717479,8.45759895137604
"43",46.8781720451147,17.8351856009488
"44",61.9197918288182,95.1232852605624
"45",32.12405171059,44.6863063673956
"46",52.4049372970158,43.5788835161599
"47",-46.6476417806092,53.0088019557433
"48",77.8441838635607,52.8626398635079
"49",9.64509225975562,-7.71520210212057
"50",17.2808098508996,89.0850175393868
"51",46.467190968648,85.0981641690642
"52",79.6964853496759,59.5193921381534
"53",-3.93824857596133,70.5841467267902
"54",92.0208556232058,-4.38338134433019
"55",-22.9481956814553,58.0456737374465
"56",3.36695764180227,44.354130445725
"57",20.7165381487377,78.8212612171621
"58",28.4575893813065,23.24150557377
"59",-0.594446101021774,42.9496441870045
"60",-40.8144092418752,83.2218820682672
"61",0.737931522335177,-9.20395131867082
"62",16.6901061598412,39.5419736518044
"63",-62.8349376715776,93.5300519536917
"64",-19.1894792001282,32.3935455898627
"65",-81.1912516503391,41.1716324319629
"66",-47.5476248427192,48.323768638258
"67",-31.3869007352302,1.01334646499906
"68",-9.08183440863371,52.616411097868
"69",-32.3583602377292,88.3689381396774
"70",-11.9331303530158,91.1858170890499
"71",1.12595831072562,84.6286703581167
"72",-1.34799924757935,22.3665644104363
"73",-27.2074841253952,85.6551170084229
"74",2.20678144941408,97.2470251948834
"75",-35.893092409384,47.0906824141995
"76",-91.8976689288029,74.5338624128329
"77",-48.1305189823252,43.3860894027866
"78",-61.4333787530107,105.452242730244
"79",-53.8601812783836,70.6837637371695
"80",-71.222483731407,80.2160111707421
"81",-60.2507978987589,126.997715666495
"82",26.9562227854335,8.71503467627274
"83",-15.1078593195609,62.9782426591272
"84",-33.7054688336622,61.7140169535925
"85",-40.4793448245191,64.6724599747636
"86",-59.4931820271796,47.3198431837001
"87",-64.7774328431829,79.6787964851559
"88",-26.2330562603434,25.3289963303901
"89",-123.058491367466,74.1610885368492
"90",-55.639067427336,62.7128969729399
"91",-76.3963448409328,46.0402425197089
"92",-71.9391856903684,39.5681917408598
"93",-97.4075090416605,32.1615050793294
"94",-122.288925757653,12.2364083188838
"95",-89.7139044534515,59.1912943461836
"96",-148.37631733323,81.687919204755
"97",-52.3166431704697,65.1049800322699
"98",-105.2800888548,55.2576248875232
"99",-115.764083817586,89.9935652301611
"100",-52.3864706604236,78.113522638346
"101",-65.1391999882062,58.2380615312185
"102",-115.936608467791,40.5411210120435
"103",-76.7918663109998,35.7884282125315
"104",-53.3755394217593,30.2912884878522
"105",-87.6759331603439,-28.970411446148
"106",-81.7950552241116,46.3499130212988
"107",-90.2847840871108,70.0516933348137
"108",-102.825173670612,97.4859344701997
"109",-77.2886375365748,66.967380648232
"110",-107.245923435569,54.0636527682336
"111",-133.884541454009,113.664831033586
"112",-126.46843424552,56.532140044583
"113",-59.8093067355568,10.6199698384148
"114",-125.739427608251,1.36269392148222
"115",-113.595510207828,36.7940398978577
"116",-139.829191306307,53.9623971201153
"117",-127.721281431605,75.4949912402765
"118",-134.114584225368,-2.58638935739651
"119",-74.2744947913454,-34.2175033298716
"120",-102.089102450459,35.9889561062771
"121",-136.990966545661,-17.477977161325
"122",-133.266241684603,4.13196581014618
"123",-140.960846403739,6.34020460297719
"124",-153.715901516777,-34.2989897984424
"125",-138.749167634501,26.8288464347306
"126",-117.50252908532,5.96522327843121
"127",-92.7765212355808,37.835123658123
"128",-74.1912599713463,-59.5907078848927
"129",-195.716374744613,22.4442795281752
"130",-152.049521617471,3.47031476927096
"131",-144.691549461791,-30.0485175872953
"132",-160.426908007121,-4.07669032059852
"133",-102.556879451992,74.1939802804206
"134",-150.157652473602,40.4544064909756
"135",-120.590027260185,-9.63523705517369
"136",-130.136821045789,11.1696637464465
"137",-153.261484712519,-43.475793173161
"138",-130.112900831726,12.8643416219124
"139",-206.242987102641,30.8064687433241
"140",-107.781488719889,-24.3174798912034
"141",-122.163303844608,75.3071099796112
"142",-146.552138435895,-12.2852587374137
"143",-105.054952968232,3.60743165341104
"144",-109.046543182112,-19.9938357518661
"145",-87.3890016798217,-31.3236800209653
"146",-137.122610440072,0.89309894825875
"147",-103.630343928081,-92.3726185923664
"148",-178.467536051175,-21.0419348628655
"149",-160.277984461569,-31.9145608014273
"150",-116.682750783075,-41.5585178180799
"151",-83.4967642228769,-40.7635395340883
"152",-175.71968833564,-8.95140601347642
"153",-92.6661752582163,6.94238897428274
"154",-162.428522471624,-11.3877839098496
"155",-180.415998502433,38.499964332249
"156",-60.2714970456674,-77.7577373070823
"157",-189.412525696503,-68.5712352454763
"158",-107.07198023836,-124.188783775864
"159",-151.978669416274,-9.56738519882527
"160",-91.7759235740518,-82.9033342018279
"161",-128.205560145975,-65.2457659079838
"162",-164.781695556305,-29.8792328645807
"163",-80.6687125662306,-35.0834744044009
"164",-128.113040805652,-57.0987905329708
"165",-58.7705253739411,-56.8802523424998
"166",-113.93366661233,-85.1954345153192
"167",-167.176122594874,-42.6292628309902
"168",-114.137883643228,-43.9194215862516
"169",-64.3345439930683,-96.9387964635398
"170",-99.1019104274844,-28.0970706592977
"171",-151.305522246499,-119.970921240834
"172",-91.3835156162255,-97.4175181031628
"173",-121.009098039396,-62.7422536189592
"174",-93.2895938758109,-66.1955128322171
"175",-108.757714720618,-73.1818821049326
"176",-154.863501719534,-113.874737093333
"177",-108.099590665196,-74.1902644626069
"178",-83.1231799930491,-106.005878515597
"179",-164.404754464892,-111.109740269531
"180",-105.564471816292,-75.1991973131112
"181",-114.018386795033,-15.5554786721154
"182",-95.7150528840682,-134.059810954502
"183",-88.1467873950436,-68.4064444325347
"184",-68.7054356566342,-60.6552152569243
"185",-42.3593516896982,-55.6925902143824
"186",-92.1939662246835,-95.18162098808
"187",-148.807040732225,-102.801555776892
"188",-94.9498202499518,-86.5783298026401
"189",-119.53057990856,-109.478188231039
"190",-142.782922462673,-85.9414130084359
"191",-78.8549600302756,-117.431950356538
"192",-118.782215852042,-101.838397175701
"193",-78.1000617033934,-161.494706241703
"194",-159.552254421502,-103.026894459208
"195",-122.473163192021,-93.7787352706133
"196",-111.043671147483,-87.4183816235081
"197",-126.895894248314,-176.55973642879
"198",-85.6435927537433,-134.147408172243
"199",-137.83271227521,-171.453554448713
"200",-86.4861564939695,-63.7045437700068
"201",-93.2622437580872,-117.818352379224
"202",-56.9031106611632,-126.678588218469
"203",-73.6205780494618,-150.213051877926
"204",-128.15246090977,-117.606637012629
"205",-109.43409329565,-138.705396608476
"206",-47.6756655501892,-80.7880617948631
"207",-23.8729449759532,-107.396449869424
"208",-89.3494651807829,-132.495348293436
"209",-65.1653803819909,-46.2979650539051
"210",-128.281430802097,-141.978950502296
"211",-61.9307243799338,-106.143746365699
"212",-35.885120759229,-88.4441768886746
"213",-34.7272456100784,-98.7036619569863
"214",-26.4847493519264,-123.44436956364
"215",27.4288233571925,-126.378479135753
"216",-50.0352434932557,-119.268039503748
"217",-2.11382891853737,-118.544487405413
"218",-22.5798767099218,-133.929879209422
"219",4.20864245651778,-117.174897665279
"220",3.17849406967025,-155.855426733013
"221",-28.5925731109985,-157.875904980867
"222",-22.6115790193301,-160.21452267877
"223",30.1715049605508,-123.564412615347
"224",-57.951505005552,-99.2246127712438
"225",-57.3088350464064,-167.982589222039
"226",-83.0579169421502,-168.849288833606
"227",-52.8344627881721,-144.151325790771
"228",-21.5038372868536,-126.503157116049
"229",-57.9138398482413,-224.549307844346
"230",-33.117869445918,-134.688099154207
"231",26.4749721538117,-137.494632347903
"232",-44.502476826618,-154.56488469663
"233",10.7099289387853,-128.974765012779
"234",15.2932996664971,-73.8675294206251
"235",-20.2003283029778,-190.11294160574
"236",-42.9181589189564,-108.771634269961
"237",36.9468240511644,-152.730211276211
"238",-6.13896779040117,-162.413988109178
"239",-12.919724881877,-180.503131161577
"240",-5.25648630839637,-144.006621302124
"241",-32.5618543193242,-61.3550603724199
"242",10.6412134616643,-145.35337317027
"243",-8.92829487199697,-162.396386379178
"244",2.17275173380931,-136.142701447625
"245",-16.3146660807598,-148.349398003007
"246",34.5271048303999,-105.015984145814
"247",54.8096990995771,-147.341748429375
"248",32.9405425404893,-87.2204892907188
"249",44.5489586133501,-146.779161705279
"250",13.9523624898964,-158.98006934855
"251",27.4313853844706,-75.3237004390306
"252",111.816729994667,-138.119754613531
"253",17.2953037452435,-116.511452265651
"254",59.2148532415191,-132.375132975914
"255",33.1190267949865,-103.159794419699
"256",21.5454844913045,-89.7676364949248
"257",62.3258378174536,-144.898718770884
"258",-22.197840614427,-101.460297065041
"259",45.6006669551105,-103.307796103265
"260",49.9231325187782,-105.546906586036
"261",30.0424055161497,-78.5745555737797
"262",40.827234639673,-77.5130677161256
"263",-0.530512151642043,-96.0981350347582
"264",25.5260900294278,-81.4535099990527
"265",5.68303208245672,-117.063413635285
"266",62.1311013088016,-90.8092342511242
"267",-15.8841903153068,-121.451613955887
"268",80.4826953810762,-37.1017393848311
"269",26.7404214288798,-64.9788836885574
"270",22.2457788542628,-67.5645632696803
"271",43.5786491349645,-100.590713906947
"272",49.125775923103,-71.1437943969211
"273",83.2706491151061,-39.167179271392
"274",78.55326889101,-98.2555533663804
"275",62.7677161573876,-97.3960682467644
"276",63.0651976282599,-42.900193627204
"277",12.3460535793543,-77.9337771952196
"278",34.4384945336683,-106.578929728813
"279",88.3235144003358,-84.4394475669846
"280",78.8785475250134,-56.9555167789722
"281",91.018584460889,-69.7836006283111
"282",63.783354305053,-63.3135379187498
"283",75.1096024118171,-70.1906876068827
"284",99.950681503463,-56.7406220525872
"285",78.6422416303373,-81.5005549250678
"286",94.3275562304631,-55.1081618079488
"287",53.6948050101841,-88.8360155546361
"288",34.5047229758627,3.01551864942415
"289",51.3267058895731,-18.0171840703793
"290",91.407357949138,-23.554998191294
"291",44.4829366318368,-21.7484800943611
"292",68.8870327627898,-8.56945161065056
"293",22.4508362501078,-29.7861481436767
"294",57.1046004489779,-66.0695957022259
"295",39.3765847716269,-42.8086785506158
"296",62.8596601443179,22.539190292128
"297",46.6350483667581,-76.3886093836427
"298",69.6726347254372,-0.00778296813811075
"299",38.6877581102257,-31.1372405311416
"300",107.47707175107,-78.7967689635073
"301",264.119556569756,-16.1584661047008
"302",291.56421146609,-26.1695753408191
"303",277.471836076797,-39.5085130235049
"304",285.931044080965,-24.994927104419
"305",300.594817838789,21.7127230159037
"306",292.724417187297,-12.0080777288464
"307",230.682657580115,-14.0106854366723
"308",305.878413317446,-18.1767064952597
"309",276.756448672877,-28.6255309834711
"310",289.638554255735,47.0428112887888
"311",271.303311467489,7.92827193625019
"312",259.542861016934,28.4672863951619
"313",294.320426270323,-14.5016354159814
"314",229.327647241197,-43.5309121496072
"315",237.754371927374,-1.95843806758873
"316",275.179623902095,74.2603315040391
"317",258.16225725291,7.52554580276361
"318",300.22669576654,24.5104592193695
"319",248.619431626351,18.125499537251
"320",225.941694251649,18.3890561351816
"321",283.461614531771,34.3290322239609
"322",279.230163260131,63.4959720339475
"323",233.494985329978,-54.6195358523327
"324",289.730944229725,67.4657930155074
"325",256.416631173075,55.3956862009306
"326",242.062757187706,55.8465024271403
"327",279.662703327501,77.3618301501781
"328",212.84143954284,21.8292853352468
"329",291.796394539217,94.4061106627911
"330",295.933186547012,50.3494541898348
"331",269.169323239893,67.6207462605994
"332",286.608859519079,38.8550921708702
"333",286.937605996109,26.3625539653681
"334",301.15577719316,27.4411718425437
"335",289.90172474151,71.9507701429769
"336",192.649208830061,45.1335757865676
"337",309.740840583362,101.88872796026
"338",229.889990036248,59.7572092908251
"339",218.086593804555,44.3024983399755
"340",221.888200897766,77.5904087957427
"341",246.311056777893,52.7262660175988
"342",200.338397015339,76.3896655841362
"343",284.000662431066,79.4335918521705
"344",201.447537931932,108.633109369239
"345",249.238688024746,66.9546433411207
"346",257.74334106312,61.7753143573526
"347",276.314737665466,36.4692177872935
"348",272.074067391832,114.343213843397
"349",258.120727781878,109.428328572216
"350",262.26068055162,132.324725544499
"351",251.209452397438,69.5718506254077
"352",264.020489137448,112.765859991635
"353",266.828986120774,72.6182617394395
"354",264.444852850348,122.266742829766
"355",246.652414263933,90.8027460452349
"356",251.565511289281,104.009568631455
"357",271.390166949446,58.7934590011006
"358",239.007481272767,120.957802824706
"359",228.082094006894,110.374436386123
"360",262.433982670017,148.792129558058
"361",169.459237761226,151.247001839864
"362",223.076940070042,184.630541624225
"363",207.619686652898,110.547092284521
"364",235.09938913121,92.8905812412777
"365",223.482849496789,126.992060115316
"366",252.560762714525,151.354956761177
"367",231.175427267768,127.397314693405
"368",229.135234353165,208.252608862654
"369",185.621796253865,120.383038441513
"370",236.78391165932,122.198562710318
"371",243.252805825147,141.109332531979
"372",258.061336631631,170.363461674119
"373",197.384128082916,141.880677776077
"374",273.889779264403,109.48734283462
"375",155.033719818277,165.011847482829
"376",251.165372498351,143.304201910219
"377",201.283299658606,136.289113645192
"378",186.91782205267,183.132309735599
"379",212.092361194866,174.66217019984
"380",221.576694012354,172.118378386458
"381",185.065289477777,164.74720154263
"382",168.701950942166,127.233031122541
"383",165.185633579898,217.869532731479
"384",213.156883345975,182.433255771946
"385",185.826511372488,202.025675660387
"386",144.770152866124,196.207685471487
"387",238.625954194736,176.235670753549
"388",204.178650438978,197.117651862721
"389",191.534563632838,133.02498784571
"390",177.532956823464,126.770489498965
"391",116.374929672264,145.904602779667
"392",172.071451777908,163.878633849647
"393",157.755435039491,169.466116132768
"394",170.188889000829,141.472174540114
"395",215.11872943068,151.616457606204
"396",167.584961921984,237.814656364962
"397",160.128987626038,167.437072318433
"398",205.141455023166,243.655480638843
"399",173.626186380579,238.919920546083
"400",151.190160908018,228.891156412067
"401",171.922426299693,208.865524579421
"402",184.469697115251,186.03183709242
"403",175.062750519938,213.734245684211
"404",123.175711067758,211.584806249863
"405",197.676528553967,170.580315713035
"406",61.994203896854,163.337715597157
"407",147.630219417933,265.192807462537
"408",76.5641577568989,207.731695129599
"409",101.303358803944,250.179450317978
"410",135.132057328719,241.163220582503
"411",168.321407585953,221.151892863656
"412",174.043195393784,199.4877839803
"413",72.1649726326187,256.337443772856
"414",88.4128347023675,257.977949848245
"415",112.474930247776,296.262663682791
"416",122.030672287849,192.35001635179
"417",130.656231694154,208.581035237017
"418",106.484880870406,230.455309472608
"419",15.9022732417936,283.295923677685
"420",54.2143863481573,213.755640367966
"421",98.7632179747459,246.721663096734
"422",123.195996925092,241.387278524402
"423",74.14196518355,210.516344449208
"424",159.703246436702,219.703869572737
"425",39.1519757004304,229.496322916453
"426",80.3063333380416,256.600201121506
"427",84.6253274602905,213.927930122471
"428",93.1522327291392,276.258830814339
"429",62.6409881095008,231.130173168369
"430",56.8736297855392,254.206917020708
"431",75.5790861205633,219.643826768625
"432",23.7620262164969,218.62823099883
"433",50.5639138516737,227.333630775179
"434",86.4035944985891,229.253051884627
"435",21.8139012637665,218.28669939304
"436",47.851928429162,241.902210419975
"437",52.1744145943895,221.090602970359
"438",13.6002020692846,205.810978979432
"439",65.9865871671061,251.531079819662
"440",54.2777933472295,307.171168911256
"441",31.021379871359,286.215725812868
"442",44.0120951497209,202.259897880364
"443",2.72264813457103,304.121467758327
"444",40.1480800117178,240.005175165203
"445",41.3608522639945,227.212587089618
"446",49.9802676100731,263.524443359077
"447",-34.1510120015029,269.11867722465
"448",55.9486613161959,218.491843951983
"449",74.1365685164006,328.36709202885
"450",69.2235958522519,240.188064596841
"451",70.1857827192914,269.774506123974
"452",40.0648397027907,245.375563052279
"453",11.9282734955719,272.605694083042
"454",-0.594733160997272,304.99860818128
"455",10.8245142085478,269.240888851185
"456",34.6407885185577,242.767468467533
"457",-12.4048429896242,280.583332968816
"458",-5.57435922918407,248.794457013491
"459",-71.6735019548017,220.804396103876
"460",59.8974491214838,300.662442759979
"461",-6.12924362225509,253.317340042087
"462",21.3843648228124,271.835919923205
"463",43.9382849712152,279.535123623907
"464",30.437866858311,257.553808793575
"465",-6.58523616565042,300.472875404365
"466",-20.2318556135106,254.276335796878
"467",10.0028576912454,265.028107379888
"468",-35.3797573056369,239.678970883539
"469",-64.3117076461631,278.066106765315
"470",21.9590708457649,328.468976924922
"471",-4.01971447081688,269.191894185771
"472",6.26516877789777,243.837715190593
"473",-53.9928817924927,275.873169498988
"474",13.2916558738007,310.76413126866
"475",-24.7110184704663,317.806771846323
"476",-73.9211327200557,264.962535450164
"477",-90.4673451324837,340.614871150533
"478",-25.1041741140715,313.741565381856
"479",-21.0801860764987,252.112103873335
"480",-54.071887241787,322.208783520124
"481",-16.7175096931061,281.180215584356
"482",-79.1546418577845,240.939229246666
"483",-89.3180254142655,225.007244285817
"484",-9.22589947965662,284.939864499956
"485",-16.5041022045712,277.934205603636
"486",-50.8645811366672,320.771096999765
"487",-90.8302209664494,212.141229290294
"488",-49.7642582492963,243.442376191347
"489",-61.3173680026481,285.317399376875
"490",-77.3451958136306,291.736494221268
"491",-105.25179137353,276.497690719248
"492",-61.1083790011138,256.243128805717
"493",-88.0509969351354,279.820267851081
"494",-118.6985385226,216.114914794806
"495",-74.7736897893968,293.610246292946
"496",-104.572049982685,247.193700656204
"497",-59.0728006068282,220.145624349088
"498",-72.2981843662938,287.505105925444
"499",-99.6714685133998,260.866873071077
"500",-97.9855838131746,258.861905372953
"501",-95.5437326282393,243.165566582963
"502",-93.0916185849594,214.00037731004
"503",-111.56544747945,270.579827990434
"504",-120.186693361615,231.811781276822
"505",-170.832719517158,196.849029092524
"506",-130.417623230419,250.08320934902
"507",-144.667899924302,290.215126607079
"508",-145.561907497012,293.777120382499
"509",-28.3825849955488,230.480698258103
"510",-121.664401518022,233.724902216879
"511",-124.488987400641,238.480938644836
"512",-165.426304505815,270.17270779285
"513",-168.501030184796,201.169108107377
"514",-145.145329301593,255.563898442141
"515",-124.29420572342,278.381823058248
"516",-120.776535885969,234.871838404254
"517",-120.39171099555,251.887853539649
"518",-81.0544023539841,250.649250992147
"519",-156.339160486849,240.715650861439
"520",-146.195923012786,220.748761197833
"521",-165.247759454055,266.860340380714
"522",-221.854159483411,227.541544058979
"523",-136.907670604999,263.812682430634
"524",-157.338610808845,248.618706611945
"525",-100.344876001873,228.03794118165
"526",-188.966235577728,173.697806222334
"527",-238.367870778705,217.818547413503
"528",-143.949667999508,190.803637203954
"529",-161.953430839197,197.254008728592
"530",-219.836714831395,229.752233896707
"531",-159.229996407052,245.057388364224
"532",-229.493063030016,251.211641086727
"533",-204.117880386784,201.325123363148
"534",-170.067285559294,224.386377163452
"535",-203.798112849726,227.775024071561
"536",-187.644981993401,242.869819770111
"537",-207.233223629084,202.966578313675
"538",-196.865523369151,235.507052743976
"539",-163.606047563827,266.698977253254
"540",-205.653565582127,243.793983243374
"541",-173.411389366434,227.113482901859
"542",-229.831040666242,242.03064197034
"543",-207.425254933118,172.382392757946
"544",-238.7295717947,214.32532186278
"545",-236.189649551175,160.940494895825
"546",-199.238755125695,234.964561671123
"547",-185.040721877168,184.258389439974
"548",-149.928063927627,213.614786545436
"549",-214.901968677573,219.36909793388
"550",-202.317724936972,252.862911439004
"551",-281.482207361371,148.52974166899
"552",-215.766322205142,224.464514715736
"553",-209.088256366952,232.700666761846
"554",-228.125586867747,202.587923059755
"555",-200.315101335221,181.49369671507
"556",-202.345192465466,166.573156260801
"557",-196.000479259451,240.96917128866
"558",-254.689829019563,165.570235698201
"559",-200.145725175742,219.369948558212
"560",-205.358401907298,291.918917973049
"561",-233.812447115451,195.169332813554
"562",-250.081031237879,202.69184841034
"563",-265.57086570123,200.084454325087
"564",-267.515811749806,138.203520683714
"565",-266.220106855978,221.740215537946
"566",-218.614342893492,186.855113381244
"567",-250.399885531747,173.135419511249
"568",-293.549370514028,111.377015207689
"569",-256.781327388496,194.690679103933
"570",-279.163764713761,158.564051054275
"571",-267.193882821316,185.307018316393
"572",-278.42651673756,177.314140411448
"573",-289.62976703507,189.70231640079
"574",-258.867342456444,136.963044949105
"575",-281.425564594056,204.503047761242
"576",-247.582266021914,127.830825876529
"577",-311.569743615913,148.818503127472
"578",-274.172448565,109.375304766049
"579",-265.73065034401,156.633530831244
"580",-291.601348758083,113.29556079317
"581",-260.4796764254,197.209100985667
"582",-277.083028927705,166.966161745244
"583",-257.714826277772,135.82750170723
"584",-336.234005255728,115.028510569024
"585",-242.778493450581,134.781819662068
"586",-246.870707455986,138.529236696996
"587",-240.469134966285,129.221279077434
"588",-252.282998537774,115.744878539251
"589",-270.526139804115,186.893390133745
"590",-263.310431298613,85.9044958011581
"591",-266.147013709825,115.637316755512
"592",-249.03781827808,122.347041066894
"593",-303.572617230029,88.4592707363793
"594",-303.816061850092,108.572746259559
"595",-293.961238601772,84.6176230407915
"596",-324.731914081847,56.5875202841337
"597",-305.552382230622,85.7378654116064
"598",-321.182680615076,53.6667004194019
"599",-243.316465953669,118.033147261102
"600",-307.912526037164,127.573116848573
"601",-270.741098657808,66.7712788414186
"602",-302.68895205336,57.7574478164079
"603",-341.946087500481,112.554383486642
"604",-263.800750971622,136.920997388205
"605",-288.212396298422,121.395044897436
"606",-306.187587277394,89.9254132883828
"607",-310.380388972497,102.162473604302
"608",-312.796789926262,105.692603965361
"609",-313.652056920923,54.8950460265765
"610",-320.467199564024,60.7036275894514
"611",-295.748353224177,111.568873127353
"612",-279.232149677225,63.2758743456467
"613",-296.666436891798,34.9099572452983
"614",-255.287765093239,108.880502668136
"615",-335.501543095689,58.717893694967
"616",-328.846939209664,64.326896971458
"617",-320.77805560211,119.227717161092
"618",-291.613136786884,65.9894231445518
"619",-337.403064689046,20.0270003101698
"620",-278.056352404263,65.5452635159217
"621",-252.670598366315,67.2332832478257
"622",-307.99855661352,46.7285951142969
"623",-284.143288940148,61.9371967460626
"624",-349.789364299282,76.8258797393446
"625",-318.526652502814,83.4964818040502
"626",-285.759865055765,38.301597604558
"627",-318.888178747708,26.7325088840946
"628",-325.668646660279,14.3315304765137
"629",-275.585463955614,19.4045288834829
"630",-322.250671882583,14.965663898442
"631",-367.130402867762,26.2515260471067
"632",-320.660545872158,1.47786126153136
"633",-282.740515639579,-16.5466902612976
"634",-309.187342650706,0.283747928238029
"635",-327.113935480204,23.5640419212206
"636",-310.971716236927,-7.40191795168555
"637",-338.944894842634,-1.61046248939963
"638",-333.915179097147,24.8465951004666
"639",-286.224523670722,27.0154557779227
"640",-339.641790638105,-14.1928166934337
"641",-299.688474161268,8.89915122496795
"642",-354.445482108857,-16.6288132649516
"643",-322.923762611316,12.0414166770468
"644",-324.169069850761,-0.786497607853672
"645",-328.085093650764,1.64148329216446
"646",-358.795815878117,3.82327639486386
"647",-356.630444651911,-16.4503594818002
"648",-357.575967559261,-56.6718035546362
"649",-285.333381994425,-32.919779073834
"650",-366.153508419438,-10.8107397063538
"651",-361.103731886921,-10.0341296426065
"652",-353.233829572007,-14.6883276382346
"653",-298.61991115116,-21.6021290685216
"654",-306.55052312332,-30.1571387692602
"655",-309.109871896334,-38.4488814384403
"656",-286.002380730499,-12.6957125776209
"657",-289.530804349349,-22.139464991426
"658",-235.436819411523,-82.1137689944504
"659",-344.431203582963,-75.2656540947137
"660",-341.343590579664,-25.8331425591849
"661",-305.356501429285,-90.0503405515712
"662",-305.026959408189,-51.7821139943618
"663",-289.750791399484,-53.887480789905
"664",-299.34308058697,-62.2547919756485
"665",-393.162002266032,-59.6075020497684
"666",-333.915210126281,-77.0432818553931
"667",-309.330258718207,-109.448544480015
"668",-343.529257159345,-76.8209619496085
"669",-444.250185632571,-72.7033591409244
"670",-332.271840200387,-114.490603821868
"671",-315.265208150034,-133.909143900066
"672",-317.591566424712,-109.493438003848
"673",-333.380702863358,-130.899850029385
"674",-333.424295872804,-116.198744784082
"675",-319.838476523999,-140.397631262502
"676",-315.320353328837,-117.957854444156
"677",-366.589579919862,-80.5899050572042
"678",-253.505844192685,-91.7789913849697
"679",-329.146308594821,-112.471741347277
"680",-296.478157694048,-91.0210485391624
"681",-327.720437636249,-102.114575418957
"682",-294.580478532127,-76.6099224233884
"683",-298.521445712327,-95.7944421878803
"684",-294.623548572696,-144.133408660897
"685",-305.572286604615,-171.162224049412
"686",-278.374532780536,-143.573094530993
"687",-300.971973467836,-147.806635532536
"688",-297.132117031591,-54.0403211947806
"689",-292.612622750399,-91.5933608521858
"690",-288.655780746697,-146.437794652603
"691",-317.527059207732,-76.2277131445175
"692",-340.60930999676,-104.801820640192
"693",-289.060539729483,-83.2718186786282
"694",-263.794396533991,-197.974894481782
"695",-285.210863619047,-115.2887951048
"696",-325.143776381669,-148.182675159205
"697",-342.376119522589,-142.52400193902
"698",-318.907178852971,-150.243190846633
"699",-323.914470569909,-133.016940566362
"700",-296.439621953773,-96.9786168978646
"701",-288.392852747147,-146.301227723288
"702",-319.037734134164,-149.119186115284
"703",-300.07329431273,-114.709553925716
"704",-360.14858745582,-130.93873049253
"705",-267.383668275055,-146.472237268663
"706",-300.151158285015,-184.879730707968
"707",-255.628388421013,-188.71382271703
"708",-266.915691630692,-231.233288650503
"709",-302.929263765402,-237.275846243369
"710",-272.223945033219,-165.495425631412
"711",-295.663711394283,-185.528048649062
"712",-305.341294119902,-152.027681178904
"713",-196.109554916872,-165.59579821051
"714",-296.678672390292,-234.339514639484
"715",-278.90324756406,-196.860375489982
"716",-307.757047224667,-226.910707291642
"717",-287.346439308507,-198.022736819033
"718",-247.379920982337,-200.457059814519
"719",-227.719547604196,-222.298360843586
"720",-276.268391664872,-190.284807427353
"721",-277.647993083143,-195.670244755632
"722",-288.692709608705,-226.282111604031
"723",-274.643852775126,-280.963680259969
"724",-235.969432323361,-229.106355243365
"725",-279.452575128798,-218.236763886889
"726",-327.778886444498,-193.735266580993
"727",-250.668199009427,-226.867409701453
"728",-227.915410605086,-202.593985221537
"729",-274.269427417828,-207.475387938882
"730",-277.555419744119,-261.392443239583
"731",-247.94008434919,-251.916541330559
"732",-193.651905466931,-225.958952146055
"733",-227.944791769591,-199.199118918315
"734",-284.327213664133,-287.058719614705
"735",-247.260409910943,-242.168931582165
"736",-232.381955830813,-204.17666211648
"737",-247.389012439589,-235.37882657104
"738",-287.020486391987,-189.130325821713
"739",-250.018606810586,-281.107155145453
"740",-224.508394388544,-232.384291318932
"741",-290.63805377763,-265.93424801555
"742",-273.802764513834,-291.245124868274
"743",-247.31403229734,-234.004197031636
"744",-220.238749772875,-219.894514051676
"745",-222.444323526395,-240.797836978193
"746",-214.361637725747,-217.075178830441
"747",-186.267944892567,-221.654939586218
"748",-260.790333838694,-293.296888255449
"749",-204.925534802146,-304.215590273555
"750",-185.342898530979,-246.99219987682
"751",-220.610475206347,-235.542798732824
"752",-245.866769422843,-249.509211051163
"753",-215.16822310625,-248.343806805007
"754",-239.445195553512,-261.605988965511
"755",-229.505147766583,-297.647232785799
"756",-174.713960940082,-309.766767359848
"757",-230.853703752805,-223.566840079765
"758",-230.215473698644,-287.313887195789
"759",-224.860245673633,-259.449506033474
"760",-188.897407372333,-271.76378317706
"761",-166.139045935032,-275.700968405904
"762",-169.721710870264,-314.914638284894
"763",-199.952133133039,-238.725285392271
"764",-186.003997937276,-297.598451829325
"765",-163.16818080923,-314.558954691424
"766",-193.016093654596,-268.682506889788
"767",-197.609581859231,-287.65345785269
"768",-171.498623767204,-277.690921704192
"769",-135.426320913877,-318.771625916254
"770",-151.768345966685,-291.649712068796
"771",-161.86463559622,-341.780640360689
"772",-159.727314369841,-282.492515815358
"773",-214.806395042582,-300.230732800515
"774",-163.59967067385,-319.351931362394
"775",-175.816833585477,-317.746644567361
"776",-138.960054987905,-304.66027575628
"777",-165.775294875896,-329.094302289157
"778",-110.517962288455,-276.386505790446
"779",-161.519238173136,-257.755105929406
"780",-165.896325677976,-288.455702963884
"781",-200.53770886084,-278.014900097643
"782",-121.536990508179,-284.368043515192
"783",-124.275123034304,-358.760990245069
"784",-157.155370726497,-295.340083586105
"785",-121.895572174527,-294.608121959113
"786",-168.170986007303,-335.391649594304
"787",-118.734617690043,-314.708704237314
"788",-155.989564421005,-318.691472488423
"789",-109.695289322694,-292.46894119604
"790",-166.945555995589,-334.669161632762
"791",-146.05748497238,-343.06737579591
"792",-103.248437087617,-305.773071667116
"793",-99.6690368982239,-357.781855890795
"794",-67.3321790105951,-280.330862646546
"795",-78.796638492686,-313.106213831751
"796",-78.4829767625565,-327.798266071478
"797",-137.988733588209,-295.407004606829
"798",-136.680747111093,-353.727487131121
"799",-108.909648538177,-363.679809900209
"800",-44.2134247180412,-301.797821283273
"801",-93.3860118736585,-309.559646582623
"802",-81.9632457083433,-322.113897357891
"803",-151.10310505918,-277.648041907503
"804",-81.0316472445189,-264.20426289231
"805",-70.0248434357683,-336.096913359238
"806",-80.7719339056114,-257.975300975134
"807",-78.649924656059,-366.666098076793
"808",-72.2094749879398,-312.637089644298
"809",-63.6511796323062,-313.304851822418
"810",-96.7205034999738,-317.139226951774
"811",-40.0695614394126,-304.496526758906
"812",1.09520508541257,-312.07221721171
"813",-29.9125442449512,-332.215257120665
"814",-28.5926001581263,-379.492742166565
"815",-44.352817721677,-331.69832283936
"816",-47.2484493239351,-330.969168398764
"817",-103.555954138027,-278.701777431893
"818",-44.9583420632929,-349.851946770834
"819",-36.0969140445436,-291.517320394467
"820",-10.7001426789533,-288.371283905828
"821",-56.9072540799659,-317.556627777423
"822",-49.6522921606446,-382.394446425304
"823",-72.4830791394492,-322.599042799467
"824",-31.4611685062243,-333.230242549565
"825",-30.414679511771,-393.456324071275
"826",-61.3051061915235,-321.702517117442
"827",-5.95470728754833,-320.302937034943
"828",-17.5187996573378,-332.479189169853
"829",18.6348397143708,-306.87494025703
"830",-62.5067594364029,-336.373776876643
"831",-12.7024156880665,-372.720112573872
"832",-2.27280072115028,-340.921766798161
"833",12.7722145443663,-350.835613835415
"834",17.5661951631306,-311.342910818168
"835",-3.72333726040172,-347.143863880149
"836",37.2019438116601,-323.297581903652
"837",19.8179806754035,-348.446945040153
"838",33.922998968726,-269.123213747493
"839",12.9116337416179,-379.940969790887
"840",35.8604654990632,-391.61017304053
"841",37.2798900298452,-333.661982824124
"842",22.5244024019944,-333.450146461484
"843",26.1971125868447,-339.232102251303
"844",51.1685172681708,-261.769769008715
"845",50.8441262757947,-320.54820912029
"846",57.3155391394469,-381.5204893394
"847",56.7676184362597,-321.783887595966
"848",44.6497730678185,-315.492135414658
"849",3.4061450584087,-304.313184826032
"850",11.0267676746041,-295.224590918564
"851",81.556310279068,-299.569294106628
"852",85.4830124007563,-296.89580635272
"853",59.7210609112478,-347.313625942369
"854",63.7837792387541,-325.004018718965
"855",145.907840764779,-288.012160020945
"856",30.4760743703345,-334.160805639323
"857",71.3615128592185,-327.102226910312
"858",33.6120134822328,-277.387222198424
"859",10.7935618164247,-283.924064366297
"860",31.7811850283945,-321.822370897442
"861",48.5396624890636,-328.932555312706
"862",71.7574751017833,-292.54094303277
"863",64.5631973240447,-340.560922963899
"864",53.7125628397867,-255.987717482629
"865",84.141428478127,-286.623957138271
"866",86.0207358009259,-325.023708465373
"867",114.008141271751,-348.028872818727
"868",118.54771798551,-300.850041265306
"869",71.0489474053005,-288.217094349173
"870",87.7007414938687,-337.759967740085
"871",121.26731929594,-276.90795039053
"872",88.029723740684,-276.134057075546
"873",156.156014335384,-302.365451175483
"874",58.83791197379,-288.126087003999
"875",111.201580563765,-283.707010606547
"876",122.709190912697,-335.308601965651
"877",75.3066340355702,-294.989487454953
"878",130.077899441319,-299.488881098927
"879",104.611440163422,-319.666834741486
"880",123.284214532983,-293.710646812942
"881",142.274857092217,-258.177578615027
"882",100.847828978455,-269.262614852097
"883",137.86992362381,-288.067679900655
"884",127.740120694734,-320.429483988863
"885",74.5259853796697,-320.849974520595
"886",169.360115268181,-310.653457458555
"887",122.995375428985,-277.602556361425
"888",122.477856245794,-306.051133926776
"889",92.2895960802448,-261.204444126368
"890",170.354665431726,-261.280623125357
"891",128.021960877542,-291.895656945895
"892",170.599541430494,-246.229883372656
"893",146.550132924199,-286.956057502023
"894",159.879190097563,-308.651475302154
"895",160.050538384742,-270.733745205531
"896",150.525425982703,-273.004184390321
"897",138.943380539771,-281.573284716716
"898",108.986584087911,-321.976290745816
"899",156.567709353625,-294.033234592021
"900",142.961614404441,-289.719247411816
"901",131.977457153304,-263.510805482161
"902",135.699932985415,-231.619560344897
"903",138.342607260937,-279.8557802134
"904",186.468590143509,-265.499678245737
"905",159.00148308276,-273.46174767177
"906",212.822780270495,-251.847494331875
"907",192.295458628628,-271.550111025145
"908",229.401605880813,-285.58409240736
"909",154.58560706266,-218.874913662789
"910",144.368237627782,-223.036504324637
"911",119.77240615095,-253.723157929697
"912",157.256554260187,-281.347840774186
"913",176.469530030561,-202.894383651634
"914",190.314878218324,-258.81214673599
"915",174.5190011612,-220.923148084206
"916",133.94371213367,-223.66212956646
"917",169.244831886503,-272.604497156496
"918",216.375771373433,-221.493039809811
"919",206.220421274297,-240.333241079664
"920",128.080044794996,-204.540293533965
"921",211.430794019563,-309.667438743519
"922",217.724183694859,-258.592863589466
"923",237.112283481198,-257.816986956457
"924",216.988013037327,-238.277843911858
"925",220.21236183572,-199.330995245117
"926",171.266857812564,-252.03907791704
"927",269.18192030496,-233.443014831837
"928",230.275576371644,-214.220486748238
"929",226.782379561541,-254.547189303354
"930",254.951875532584,-210.765542959914
"931",185.803329140808,-197.197977477483
"932",227.757615725058,-219.235972849488
"933",222.277818625467,-206.206374009582
"934",231.121853119233,-221.094415121645
"935",202.855368312145,-202.603759879866
"936",240.205716495414,-190.801565972333
"937",248.539761879795,-185.71454015875
"938",192.036722616967,-199.978088765838
"939",223.569779024364,-170.846249254058
"940",255.500809186357,-161.332131438698
"941",187.286499533481,-213.860133615835
"942",223.57097948442,-182.721225446835
"943",243.273053993475,-200.627365014096
"944",243.007484142417,-201.38655740174
"945",206.838446462332,-123.141192331253
"946",204.316489877672,-230.403448767122
"947",228.519936030249,-160.788371906657
"948",283.225148084887,-162.36145610954
"949",258.591110361578,-184.522873686836
"950",211.750568903615,-124.325497806859
"951",251.410132590987,-234.114356933033
"952",291.100971764594,-125.139297977185
"953",229.227097065159,-130.145080071519
"954",275.957177579484,-106.182712846567
"955",289.957618727334,-165.081166789776
"956",285.130795054055,-148.25390296618
"957",226.472270332631,-136.695873736096
"958",241.883425915993,-171.479835557597
"959",222.262300267519,-184.164197272689
"960",223.180949293793,-104.446556958118
"961",265.941947233362,-154.159302317861
"962",194.997707263448,-118.103791709
"963",241.343207113511,-160.952071865454
"964",202.041371628418,-118.746462775305
"965",289.149925585877,-139.458118045106
"966",335.717350935318,-155.936681802849
"967",213.51992694703,-63.9896871296026
"968",296.843476861706,-148.862877778119
"969",255.320805448486,-147.591256852788
"970",318.388016079313,-113.673985872253
"971",251.538593121681,-110.439173763063
"972",232.848869882147,-152.468053467729
"973",262.838062543195,-156.495797827763
"974",221.725317449861,-110.955578561728
"975",236.174928145218,-107.127181885026
"976",271.222764912704,-118.464894609105
"977",284.227093508954,-90.5997234702783
"978",290.669458699587,-108.294084010625
"979",292.372703934998,-59.7380267289715
"980",276.233421401676,-61.31560347865
"981",277.700359030151,-64.3540257613674
"982",314.139286809928,-76.3397900771791
"983",257.459131612271,-81.260433578457
"984",297.228796676382,-27.3317753318552
"985",270.047863780745,-43.2754120543182
"986",297.77268443163,-33.4978879090994
"987",270.759821871227,-34.254255173212
"988",259.961883964606,-30.8091224319616
"989",270.571100059475,-87.482575412174
"990",261.027619111,-37.5778533925677
"991",242.179530363948,-19.099321638986
"992",297.437891176208,-54.5811490867084
"993",255.312115395068,-83.7036017259042
"994",240.433773265497,-49.4340704204256
"995",262.831821883341,-46.1034599205854
"996",227.345611292801,-84.3682236620249
"997",275.346583553844,-57.398944252748
"998",260.318867835426,-99.0491035681281
"999",258.445449284837,-49.9058845438821
"1000",268.212116851354,7.90595587494084
"1001",432.403158039448,-23.8481914771625
"1002",449.166534750945,-40.9016632441956
"1003",437.436455966772,-59.4248167802711
"1004",403.741900292296,-40.4655711629811
"1005",445.388936576766,-31.9078689445169
"1006",411.460310985787,3.03393302333742
"1007",447.244948386082,43.2732053986271
"1008",490.228214817706,-41.8017228150176
"1009",502.174520329435,-69.1673307979458
"1010",498.311255729181,-22.7473674030681
"1011",457.570469138384,-20.3750376194724
"1012",454.70129308145,-0.598704426650507
"1013",519.234031058994,-3.30494254895231
"1014",408.739953682317,13.093182526686
"1015",471.303562759332,-70.891217546758
"1016",465.326522319542,33.8710429723941
"1017",480.855674846723,29.1088102496759
"1018",495.208662539419,30.5242686577846
"1019",486.984127510889,32.7769524240648
"1020",512.563985531789,7.87530257002084
"1021",456.357066278054,61.0235822487602
"1022",505.546696861974,114.387422316081
"1023",497.243661398609,22.3482845094901
"1024",421.207681391655,-1.92720915836402
"1025",441.683901884901,16.0728178530614
"1026",497.132784346765,113.973671667065
"1027",484.458072960595,21.2160034398525
"1028",470.144285861554,92.1999891502053
"1029",447.047031396101,75.6115740772413
"1030",452.887165425623,-0.777520973328279
"1031",466.532596088449,79.2948041135177
"1032",366.707771518385,5.82679704840726
"1033",380.154545787112,133.475926339167
"1034",481.766571639684,39.2439033111698
"1035",500.397729281365,128.77280740828
"1036",458.977065523199,62.3802979182149
"1037",476.773464797737,125.160939090693
"1038",407.197679564751,82.286250603014
"1039",454.244456449301,84.9814236774848
"1040",449.189337356163,90.2201479722143
"1041",472.331987992092,108.573097142852
"1042",374.278832695828,88.0946621660106
"1043",469.823909047473,98.4728185431964
"1044",414.947649146313,132.169012532519
"1045",433.509766092219,123.823194441997
"1046",423.911856445029,108.998941897928
"1047",433.741762656134,75.3583068832288
"1048",475.175584360068,95.6799684639536
"1049",451.167950891533,90.9244398850547
"1050",432.558259128941,95.9397783160956
"1051",426.332871014539,164.174541578678
"1052",465.776052541911,120.228277918602
"1053",450.975087306004,168.111432753055
"1054",418.030875201136,187.019478656452
"1055",427.268216155517,120.003393983416
"1056",463.236456317075,116.873050310939
"1057",421.508054453586,157.876174828253
"1058",447.588245157414,151.714336745774
"1059",376.778392638662,156.542840812357
"1060",440.900762926435,157.150453699469
"1061",433.837025438149,182.842423012316
"1062",441.511367660043,98.9780383950939
"1063",400.847765703129,135.240071003233
"1064",395.76750396926,145.150302192044
"1065",473.057944220717,142.996805441296
"1066",413.628868265554,181.658857498051
"1067",432.061563684973,172.92134116056
"1068",410.19345177574,202.85895056834
"1069",417.341545435006,179.914809329296
"1070",434.747790165597,201.547796209234
"1071",466.342259119387,151.268507501056
"1072",411.251336192616,257.79876732415
"1073",396.144790239745,148.890436174513
"1074",467.388348673952,189.447483092926
"1075",418.659094001437,189.125910479473
"1076",424.743650760201,219.287442487452
"1077",486.488947783413,202.660648293172
"1078",403.530988987629,143.656935302835
"1079",354.850614556144,225.655286068694
"1080",377.840349004807,196.739326115861
"1081",408.121042361183,222.737484081173
"1082",340.437373410709,210.142404687848
"1083",409.506972318566,189.034770035959
"1084",371.826648695005,260.21231007216
"1085",350.253916893646,243.915368550149
"1086",373.861422320778,261.362942109555
"1087",398.556112023578,229.238231076818
"1088",442.189260036789,157.095675719201
"1089",401.9556917411,295.330739257026
"1090",409.719684141502,235.6043242795
"1091",440.650202278017,304.930812106803
"1092",430.21137341631,251.085851071253
"1093",385.04028114058,259.727401580128
"1094",394.869785797037,253.343281389126
"1095",360.515197932378,291.591448400444
"1096",375.885553746883,276.583427878533
"1097",376.013908223932,257.160390496556
"1098",397.216142572341,280.608828659542
"1099",365.990456391094,316.203107516571
"1100",421.667786301145,250.372953635264
"1101",407.696447601935,255.266102181976
"1102",439.791257729689,272.878676019078
"1103",365.451662863641,262.446774875817
"1104",396.156670194287,295.777636294227
"1105",355.001630883065,298.779544589967
"1106",370.288522636016,275.209400100065
"1107",383.12537485176,284.577532360929
"1108",373.87278377207,290.080784614931
"1109",378.875854729996,283.848065342447
"1110",324.866709109858,317.248266984038
"1111",314.241512869936,306.485672217659
"1112",326.185932339638,322.230025832809
"1113",309.997687223801,198.258004347751
"1114",300.365161583829,260.798861988586
"1115",309.822338920727,281.66097935499
"1116",330.039823425279,309.354327225241
"1117",348.465092294137,251.517884965789
"1118",310.569781044808,353.931846713511
"1119",330.768777111326,311.207688839118
"1120",309.946975441307,332.143688992068
"1121",303.184233531631,355.637498992786
"1122",321.612149048499,276.072721113256
"1123",336.301145971733,339.010832860008
"1124",360.751615345339,280.956110905939
"1125",408.153049437061,281.673747482279
"1126",354.487199592591,327.446889387134
"1127",326.400067866361,305.61491589066
"1128",300.840082289934,338.640067047646
"1129",293.250482160783,342.780565120437
"1130",314.989980308445,361.143351073126
"1131",252.58736441466,362.660076419457
"1132",256.997176208095,354.929435169992
"1133",296.743366480049,306.860445752549
"1134",298.614094627374,313.708668398102
"1135",349.370259437948,320.621374365121
"1136",249.426580208187,271.965852259918
"1137",302.907550775824,380.57056683483
"1138",263.555223259825,339.950704365687
"1139",332.065986720361,398.237347877721
"1140",255.812188457936,360.555514674491
"1141",251.503302462404,335.553245665088
"1142",225.159089314797,322.259014964484
"1143",289.407948841532,334.380328734287
"1144",301.65300780208,408.168711456672
"1145",196.802514348623,367.112876614346
"1146",301.936409269298,333.832244956267
"1147",276.502500402869,350.323026810922
"1148",276.709297768818,389.588896750935
"1149",191.273884486734,366.480335295973
"1150",270.864547922126,351.589358638547
"1151",251.395515375726,381.495322739891
"1152",299.737469749062,350.378515642963
"1153",304.934473886148,380.087556931332
"1154",258.627432066124,392.715375583981
"1155",260.781729870339,388.662646794933
"1156",259.430312540779,341.410370558114
"1157",241.602118764296,326.381837314948
"1158",182.403938329892,432.014002659061
"1159",226.492495680607,331.910757298859
"1160",197.755609201478,346.99890758514
"1161",224.705515360711,400.152802634435
"1162",215.233646612335,380.249340463352
"1163",241.596383955056,396.291229318428
"1164",258.495921922821,400.507748351093
"1165",242.556489766577,353.745669488122
"1166",122.370412289533,382.836606897477
"1167",215.765593996621,452.814808114424
"1168",217.005573394402,412.305209417409
"1169",199.291617787149,417.007315909769
"1170",212.839472690098,386.115624158684
"1171",192.678560316831,390.975585114561
"1172",257.151771528743,438.036771565979
"1173",203.224498695308,427.837301904237
"1174",203.348163897612,411.685702738833
"1175",194.393030926967,444.99089001893
"1176",174.882267097439,382.412280256155
"1177",178.401776060661,376.449481007316
"1178",236.881126460207,404.842196644567
"1179",168.065651122179,417.37518325477
"1180",152.289994013031,394.308375629291
"1181",197.509316529146,417.832423624401
"1182",227.664889354144,427.890850231262
"1183",182.172383227751,443.001639891932
"1184",169.756083862285,432.719657969754
"1185",130.837432126989,412.190370943433
"1186",196.52979945295,428.999010465113
"1187",174.932878646857,485.241255053836
"1188",157.087037275815,377.39919384037
"1189",164.331486867987,421.522381243671
"1190",126.374406261294,422.729111662641
"1191",137.273599477081,418.299465807049
"1192",248.638558105474,401.340569586967
"1193",108.834578188961,414.498027854543
"1194",162.647489401956,428.798161425678
"1195",175.792519021299,426.351923318017
"1196",95.3464223902211,389.054813267754
"1197",157.390141121859,434.325722948251
"1198",117.144494455512,440.656488252767
"1199",63.2726283742997,434.066017564428
"1200",104.905574120747,429.856010178657
"1201",167.45784902101,445.315670890018
"1202",55.6035189950044,463.948304803195
"1203",39.4556951898437,448.086976386358
"1204",63.8065377500291,407.495464526143
"1205",120.264055426826,471.699296330872
"1206",99.3834924737294,493.48601066796
"1207",105.860971197013,481.707005751141
"1208",154.071281186968,464.956391419051
"1209",94.1555266170299,491.85456526423
"1210",109.168175379639,480.624410752961
"1211",70.567248099845,454.273473916358
"1212",63.5054940497022,414.791583067912
"1213",62.9387344633944,483.627650956034
"1214",103.160949392354,484.687424901597
"1215",47.8884828088471,392.281461392399
"1216",80.0180210332563,497.403665178526
"1217",109.478416293316,431.5556336547
"1218",11.9459398374983,515.531058078711
"1219",83.1425995383616,501.841681960375
"1220",53.8980171471588,433.528674701301
"1221",37.3770340933876,435.148059821596
"1222",62.9961500242085,458.692709338016
"1223",56.5674224847736,524.78965800648
"1224",40.2146392128245,456.169856544358
"1225",42.6856869081449,446.22481269849
"1226",4.20165331371153,458.002713785812
"1227",75.9199230103655,440.340682820319
"1228",4.72658826280427,427.59702399042
"1229",90.9321584229315,482.238138567046
"1230",11.2137325208648,418.738994257853
"1231",3.53774250254273,456.7928070737
"1232",23.6844909908016,498.575051151032
"1233",12.323096709897,498.000888622818
"1234",21.1979968634821,439.009625459393
"1235",43.1443958772553,434.892943359216
"1236",25.9475320320022,475.346951201213
"1237",36.7244254262914,495.202588604058
"1238",-0.0572416521935821,469.298311936394
"1239",48.4082095296166,467.383207859991
"1240",42.790725826148,442.274293309828
"1241",37.7952320487941,462.419989978132
"1242",-12.2684789386712,444.165055680556
"1243",-25.1271227257881,501.917952405565
"1244",-35.4067510775417,433.891757727948
"1245",-13.4504746832851,438.075113490235
"1246",-36.2451873418886,447.978351085461
"1247",6.75299690450814,504.088574896071
"1248",-50.305877119147,447.261868911744
"1249",-10.4277948091808,401.775730996472
"1250",-79.2426340080965,472.959211759195
"1251",13.1509231129284,468.562806025766
"1252",-88.2911102875124,513.056605386579
"1253",-49.9529703899236,457.53260064558
"1254",-53.9542375191935,481.292939617103
"1255",-121.159991642494,445.086573259385
"1256",-10.8332739854409,453.593184914716
"1257",-75.8442856238129,485.056241776237
"1258",-59.5347329842844,482.913083756558
"1259",-41.7528660174889,552.184552447898
"1260",-63.1622824625457,483.20426683019
"1261",-40.1622451627781,469.149309127674
"1262",-41.6761613810139,487.70603528437
"1263",-38.8291775769871,463.40392961041
"1264",-93.043872354688,469.234561188492
"1265",-54.9996973579991,497.141030091676
"1266",-33.621431604674,526.029757995467
"1267",-44.82177567627,474.86486597544
"1268",-113.392135037674,487.773518673973
"1269",-100.207720889158,440.333106821266
"1270",-75.2714966352818,477.954849751909
"1271",-147.709829131108,471.191246991788
"1272",-111.868734760544,500.236513092224
"1273",-82.5643926152029,425.256231717195
"1274",-119.39386924199,436.461785619176
"1275",-97.0010424353927,487.792567762084
"1276",-131.689544546704,493.665801511333
"1277",-106.645034529957,428.641460537988
"1278",-102.106445796849,504.700969713027
"1279",-110.535527013313,465.657274940088
"1280",-185.540297762424,473.143020036217
"1281",-140.850551478136,419.264090938124
"1282",-139.118661922959,494.597479481697
"1283",-157.943047866724,417.973169532728
"1284",-108.714702588502,458.213597444512
"1285",-106.992366462844,430.029331325987
"1286",-99.4623373760033,518.719227610758
"1287",-113.953416717289,451.948975169279
"1288",-156.93198723477,465.2187099989
"1289",-139.551561753126,426.132777723338
"1290",-159.511508256526,434.810870287116
"1291",-143.888973321071,421.807024360034
"1292",-192.874810907115,450.052359164127
"1293",-162.939922016872,438.849743308913
"1294",-143.886227191159,432.544349922914
"1295",-186.236473177899,406.693222657536
"1296",-174.204869184805,530.21268841269
"1297",-204.944930750549,474.808611003996
"1298",-187.797870343929,502.957459608672
"1299",-162.897240384089,469.809894901552
"1300",-161.98177066189,427.0144429145
"1301",-122.10557502975,427.520905427918
"1302",-250.147605355756,437.092322337238
"1303",-160.730458351305,410.228592531396
"1304",-205.712812609879,459.843733440348
"1305",-177.337205598934,462.717304266231
"1306",-162.668417870642,429.502559505838
"1307",-210.333900338325,459.193482123426
"1308",-189.803750370432,412.032343114954
"1309",-230.193244047585,462.583453080343
"1310",-223.447298447464,459.644768392762
"1311",-235.379043063695,427.780874783515
"1312",-246.895794668027,438.251880817468
"1313",-209.036973069162,433.63690326172
"1314",-226.938957819494,407.621836820694
"1315",-234.079216590227,450.804813603516
"1316",-259.817412904205,383.310416641845
"1317",-236.52323116426,473.763428741423
"1318",-256.408471219662,395.600251098507
"1319",-207.389988153823,456.726011754374
"1320",-185.20733077447,462.050250948868
"1321",-242.640541594864,440.102734892483
"1322",-328.689083870127,438.708550836287
"1323",-205.261311099447,435.549777749576
"1324",-221.042558474128,410.18906042842
"1325",-276.607679905434,417.181238781828
"1326",-251.171664673801,441.254227824816
"1327",-253.55088221293,406.718724844998
"1328",-251.719337526428,401.985196395991
"1329",-264.400188917226,402.891266853876
"1330",-264.689846269537,378.290082590069
"1331",-247.514464094432,358.687604925098
"1332",-321.313670160457,418.752215586258
"1333",-289.06914513772,409.855288327519
"1334",-311.990177033484,421.802641729107
"1335",-296.770442117539,403.844761106633
"1336",-365.169577521528,397.337825272302
"1337",-302.1550392636,404.326140454664
"1338",-268.755699090128,398.717361859949
"1339",-304.542567945159,448.224726633769
"1340",-302.533608221723,392.311487297056
"1341",-284.243065157555,367.414817808268
"1342",-304.830652440608,365.325423881296
"1343",-360.857336280681,382.438676451207
"1344",-318.36714465557,362.853052677348
"1345",-279.964261689799,352.36069368908
"1346",-330.951745762551,368.621544015763
"1347",-292.384656934765,395.801431602821
"1348",-286.20690481796,355.705026919139
"1349",-319.863577116358,400.256361307436
"1350",-338.53849481904,393.550112565372
"1351",-354.479637366012,399.935054065513
"1352",-372.275315279136,352.524472691907
"1353",-359.276498668623,367.452952395152
"1354",-361.479214582969,385.110716873421
"1355",-337.837543977586,332.632917777853
"1356",-326.285198569619,341.630960979152
"1357",-350.908214986495,375.152493209096
"1358",-353.18888558137,399.438937972828
"1359",-360.399434802332,417.846466223385
"1360",-372.216025495262,289.230148461992
"1361",-388.594658545596,365.022850018426
"1362",-359.787159341617,314.792428545286
"1363",-356.356261277281,374.061366788679
"1364",-344.368098236393,305.757134426005
"1365",-411.208881767011,318.454194807499
"1366",-374.070433951876,289.416448448239
"1367",-316.360411800494,323.423754362025
"1368",-371.8962691119,331.608767791628
"1369",-335.91906292783,373.470083323095
"1370",-368.400908876572,360.225603999567
"1371",-329.906718284657,319.946172292202
"1372",-361.449522247809,374.147670863673
"1373",-359.930149439715,340.624557760597
"1374",-424.692330182512,320.039963972261
"1375",-371.936789922443,274.19877421351
"1376",-388.647338434306,334.947790216316
"1377",-340.791269761257,312.009699638378
"1378",-373.441528736039,324.408189614393
"1379",-422.207371297384,305.82764131651
"1380",-424.769552702606,327.07911257548
"1381",-361.95564418967,318.869514925036
"1382",-413.522825353743,341.322435108623
"1383",-405.300229850102,318.658950163439
"1384",-409.751245632894,351.214697357322
"1385",-365.45450927207,283.508588957567
"1386",-403.61539117689,285.167770141051
"1387",-429.349654500294,293.27719219964
"1388",-432.735536879295,316.213238448557
"1389",-431.095075256907,316.530126679138
"1390",-413.115371043795,239.78596412127
"1391",-471.313350831937,305.128591122379
"1392",-409.31613586209,267.645234179218
"1393",-439.234705685207,305.766133216715
"1394",-440.566654261592,249.972801453044
"1395",-384.691281451574,251.292064064132
"1396",-367.646193544119,221.670601086996
"1397",-414.601277631929,285.356569338756
"1398",-412.033412271576,312.16989909987
"1399",-399.542071130951,265.276567207889
"1400",-417.974750437477,261.080571604512
"1401",-399.430423281183,253.150511062299
"1402",-470.650898321962,313.525624375166
"1403",-485.693433762055,293.019698100188
"1404",-449.637896724819,263.678074394594
"1405",-447.919554181084,246.990744302137
"1406",-414.757316315925,263.974485691547
"1407",-454.878366136386,203.576694287443
"1408",-411.604663175642,228.215021870756
"1409",-452.633715071381,247.583213095068
"1410",-452.11146634333,251.430065933068
"1411",-465.534326740995,220.379738970078
"1412",-374.334236615079,210.482843642763
"1413",-460.187342270655,166.74178507426
"1414",-495.961339125575,204.963467916506
"1415",-453.075758466484,203.473434954849
"1416",-492.699079490039,206.974871443135
"1417",-498.112607579499,215.19491015541
"1418",-482.550147691703,236.600177195506
"1419",-555.231063355072,187.460784896371
"1420",-449.419020530121,186.290545697954
"1421",-437.203768637977,214.702863318888
"1422",-456.454931553198,176.959700953726
"1423",-450.53890110858,157.518950769471
"1424",-518.57712642549,207.106830411995
"1425",-452.514562675586,226.207164139595
"1426",-474.188569340051,212.934274034599
"1427",-458.292434348793,199.749542860509
"1428",-521.74453215157,180.21318652648
"1429",-457.585062022826,135.741377000392
"1430",-487.412549459433,221.197760122734
"1431",-443.167737454152,171.821531777473
"1432",-480.239066420402,200.978311000796
"1433",-467.639148244982,179.71033524151
"1434",-488.001575872048,186.270610976249
"1435",-474.667731203585,137.692419978318
"1436",-525.340937424588,136.60149793202
"1437",-544.299453899173,192.362856558278
"1438",-539.542246589675,140.019214496334
"1439",-517.331532528674,148.827889575059
"1440",-510.428651288202,157.68465789325
"1441",-463.885180871862,174.458381930126
"1442",-478.667622341835,119.620728787941
"1443",-490.184257899011,150.656181361327
"1444",-455.713535752709,110.530426573302
"1445",-471.656936190907,119.948193518496
"1446",-495.706860482499,147.101272252255
"1447",-461.893229772848,153.016058182388
"1448",-524.792742181493,105.742476083581
"1449",-507.171224482413,115.725068992917
"1450",-480.143517104418,117.733367839938
"1451",-484.352867136089,137.236185187002
"1452",-523.080209644032,161.502378635167
"1453",-444.641812956796,135.38274106054
"1454",-493.299829887026,55.7812052616769
"1455",-409.386231188889,57.9357976379209
"1456",-532.157519071517,139.985273752219
"1457",-498.986391698213,117.217475214039
"1458",-487.64200942692,71.0937955531629
"1459",-559.389886013368,29.1943373965646
"1460",-478.479177891231,116.847638159984
"1461",-547.76038749843,66.2027615535604
"1462",-531.763048552179,133.98496038394
"1463",-463.212791898769,95.7738373591649
"1464",-511.974061276945,78.9530829456689
"1465",-533.366083423229,103.957826173013
"1466",-540.008735265895,105.311091654172
"1467",-576.405459560706,80.0270563979767
"1468",-575.86979442291,78.2000263848733
"1469",-451.323142338548,109.756754788795
"1470",-496.072391372651,36.5822098941252
"1471",-561.744060934215,82.8646286376468
"1472",-568.02059863539,15.9033165595079
"1473",-534.11197947591,79.58122349828
"1474",-511.989191864052,18.8511701876592
"1475",-536.868789779813,63.1166154537545
"1476",-556.33801036229,101.478575077944
"1477",-508.977165446124,-3.84492918717437
"1478",-510.557736811077,9.87329184987897
"1479",-482.759647874348,75.9736676170605
"1480",-548.818129740129,31.0469304244185
"1481",-547.284359407484,6.09765406085955
"1482",-523.246474169134,1.21380422012099
"1483",-559.513430042494,66.3090846204251
"1484",-532.887629595495,30.5698441767826
"1485",-524.107745641767,66.6994388116655
"1486",-534.13528485433,-55.6023469182356
"1487",-449.399621150401,28.1937809803121
"1488",-527.12224221345,6.19599877584331
"1489",-535.765506839823,51.2859241607031
"1490",-513.579294995982,11.9110926967149
"1491",-491.510784057673,-70.170848735375
"1492",-526.869282186805,-25.1531003867993
"1493",-530.024459010025,0.543963789659593
"1494",-517.257727987644,-12.5735847722216
"1495",-553.997607854468,-13.3347220868556
"1496",-517.025301973108,8.15026332595679
"1497",-565.75469066624,16.2097301287934
"1498",-560.545128044782,-30.1742003512864
"1499",-510.271580744406,20.6220116068617
"1500",-539.394355223672,-33.0882770124178
"1501",-535.003683980781,-38.5920231898928
"1502",-545.94468499478,-41.5143415375853
"1503",-539.409413474093,-15.2226326931081
"1504",-619.00468770317,-32.8919258572522
"1505",-514.225697560868,-19.7348838025106
"1506",-539.958349560215,2.72564940052303
"1507",-546.883509539719,-110.052636460492
"1508",-546.09472725818,-46.1530878905412
"1509",-511.41258966572,-41.0028943385543
"1510",-572.548167390955,-51.1573427350557
"1511",-553.940868370556,-31.9981908844934
"1512",-548.856398507317,-32.3565891806629
"1513",-510.830383217073,-73.5913068178382
"1514",-541.998134435727,-98.3541058519984
"1515",-535.471376303746,-68.721339994382
"1516",-567.209783673036,-23.5462820202842
"1517",-534.218616064673,-45.6025747368967
"1518",-484.978367296078,-121.043823090924
"1519",-510.654602871966,-125.862645262708
"1520",-505.283734732349,-167.323965717343
"1521",-498.736715700211,-69.3237246470182
"1522",-524.980002714784,-151.338446179843
"1523",-528.117696992735,-64.5136204390414
"1524",-556.969830997853,-130.41061529536
"1525",-535.002936930548,-86.0684168919829
"1526",-558.655994719188,-98.0561766333639
"1527",-582.751124909833,-100.716683798845
"1528",-566.711428023616,-91.0640971747043
"1529",-479.761604324548,-97.393616192042
"1530",-504.280595617224,-197.909044957918
"1531",-554.013004504291,-128.405080324301
"1532",-507.758753750293,-99.8362576149661
"1533",-537.50412544375,-165.557512821804
"1534",-528.116179365293,-178.75732514872
"1535",-555.970242247043,-152.146617674586
"1536",-510.002013064306,-111.546985809339
"1537",-497.349784441628,-154.045479891235
"1538",-554.702151911387,-95.9389839646675
"1539",-460.407104296485,-166.089444920118
"1540",-488.017354599569,-158.836027564169
"1541",-522.037482214074,-178.920044497013
"1542",-529.739732678335,-95.7179347788556
"1543",-542.254813955991,-138.791145007858
"1544",-528.247923556327,-112.101495122746
"1545",-545.532244799956,-163.475979292698
"1546",-476.956788325002,-155.36874621287
"1547",-494.228019810631,-172.766983721504
"1548",-578.804499776963,-177.594639193012
"1549",-500.928124174867,-157.578508814338
"1550",-563.591997929221,-219.612847749507
"1551",-553.435888479637,-188.24359120927
"1552",-533.041470659621,-197.91823339556
"1553",-561.729207871588,-201.934839599275
"1554",-472.596187659053,-216.90984457566
"1555",-503.740215576564,-184.070768687498
"1556",-513.408909764606,-186.13914805155
"1557",-517.694495240724,-229.890115210742
"1558",-486.884842558451,-200.817551082666
"1559",-514.72623863305,-179.996622983532
"1560",-529.263292736543,-237.650078382554
"1561",-489.970041772098,-154.302825170321
"1562",-514.923909737181,-207.671369789915
"1563",-423.646314111337,-214.298550895664
"1564",-464.748521346577,-301.382955306277
"1565",-510.223409241161,-207.662920942447
"1566",-506.544189310841,-222.619508888978
"1567",-462.37001714088,-176.900288093093
"1568",-522.899552013807,-217.162803106252
"1569",-465.158958922568,-223.347234927851
"1570",-427.005729030198,-244.981783843202
"1571",-513.922451134278,-248.439199695453
"1572",-487.176387377772,-264.271607444177
"1573",-482.814379482313,-233.407174630867
"1574",-494.6818076351,-253.594626103443
"1575",-493.468736177053,-257.556224534771
"1576",-444.365689359198,-234.19154127047
"1577",-432.899074623804,-255.077562006737
"1578",-446.577883281913,-229.139460751922
"1579",-487.122577237316,-270.193366276161
"1580",-444.196232193148,-259.01777799034
"1581",-407.721787627426,-258.941021691875
"1582",-420.17091828737,-296.050152989604
"1583",-420.348857249093,-316.486690767351
"1584",-474.836847342979,-287.09872988922
"1585",-470.472796140776,-256.552781031217
"1586",-464.845295751253,-230.328950693805
"1587",-445.759000859665,-301.721012229715
"1588",-471.046915777161,-268.954948989991
"1589",-507.43883174385,-288.569537026261
"1590",-485.413290207343,-248.709162510251
"1591",-452.386388910132,-250.617782348655
"1592",-418.532039123449,-344.006294451069
"1593",-419.305161791874,-339.726940475836
"1594",-416.383240177237,-286.150429156362
"1595",-468.442164306388,-279.418895709842
"1596",-465.945856869482,-334.438686322501
"1597",-442.069027428564,-291.824377895283
"1598",-484.103574037711,-323.65612651979
"1599",-518.108084662337,-332.934642161926
"1600",-409.26297815853,-358.007234879438
"1601",-469.614751726361,-312.430854978786
"1602",-450.902540759187,-360.238366632023
"1603",-406.848351247284,-321.720524600629
"1604",-456.565638097016,-331.138944481101
"1605",-438.649631414045,-322.368534349989
"1606",-395.160657800614,-323.839987092413
"1607",-435.95275057887,-323.957012619019
"1608",-409.62707856876,-308.721991067757
"1609",-452.362998964948,-326.778117248892
"1610",-439.875098703478,-311.437556534438
"1611",-433.817355344651,-323.552083141279
"1612",-435.129970564118,-319.631065549934
"1613",-347.658171915251,-392.225525950796
"1614",-415.57154216657,-333.360067411415
"1615",-411.788074150268,-374.186932714484
"1616",-448.834583410171,-343.537208268349
"1617",-384.234336271372,-294.807015835721
"1618",-378.623986000176,-358.185538349946
"1619",-396.250082162533,-340.310803823445
"1620",-408.338149413382,-400.486535152696
"1621",-391.717901654996,-301.685446070179
"1622",-438.968405546799,-372.467659108812
"1623",-411.160920604123,-351.83806230161
"1624",-370.063641067893,-341.120261406352
"1625",-394.919211715257,-387.412745817432
"1626",-337.329306660531,-426.160094267206
"1627",-413.807632537439,-329.661271331134
"1628",-330.574795309038,-419.656857653749
"1629",-377.258779307703,-359.837459293722
"1630",-402.41012965201,-375.811298390776
"1631",-316.887436900321,-419.937906024041
"1632",-369.514679376988,-422.892538470834
"1633",-405.381503622191,-431.722320682462
"1634",-354.396715740911,-353.827740025109
"1635",-300.219311447862,-409.500908513851
"1636",-407.460808588687,-403.982213802177
"1637",-336.565828709304,-366.789562499951
"1638",-346.065632291827,-395.584367273686
"1639",-322.115154603579,-390.098399408833
"1640",-356.945104617318,-430.086834792293
"1641",-310.769002324465,-451.941777110799
"1642",-310.608820895754,-383.476554062586
"1643",-374.690473042143,-460.447670725825
"1644",-305.348186070294,-395.516144949791
"1645",-303.663354256483,-379.700278863016
"1646",-264.716955174213,-425.619863003507
"1647",-300.198875433874,-411.237392643054
"1648",-313.21207326207,-436.921413467593
"1649",-315.390048848417,-440.86691892239
"1650",-369.089150316886,-436.302804538634
"1651",-279.013004478844,-476.85837806083
"1652",-291.237843031788,-460.94277224038
"1653",-303.877771107953,-446.772617495451
"1654",-373.697933082653,-401.622817092196
"1655",-355.392347646939,-399.396860933566
"1656",-293.718628530153,-436.073444395515
"1657",-324.398634737753,-436.395788007497
"1658",-328.231562747613,-457.617294595125
"1659",-337.427205942175,-443.761855296485
"1660",-303.947994709392,-482.930155524959
"1661",-338.466905327742,-499.857186609925
"1662",-332.861472725755,-429.228097232431
"1663",-282.198956767797,-452.329775396258
"1664",-329.649487080953,-450.209860192164
"1665",-244.729217840411,-482.814294498065
"1666",-322.658748434849,-469.902375807495
"1667",-267.059039321885,-393.761588944591
"1668",-248.933376176505,-467.593798925426
"1669",-243.694684417319,-449.776512986373
"1670",-255.028176726197,-472.979633011166
"1671",-347.442932783888,-508.481353728659
"1672",-270.499552623619,-414.040435180048
"1673",-236.794959565591,-529.408935781212
"1674",-253.250492291674,-438.560938012451
"1675",-239.180997825061,-506.939183167847
"1676",-196.73480700415,-436.629967213869
"1677",-219.684944562596,-473.875261229403
"1678",-294.960379153838,-464.406340758824
"1679",-252.794366269616,-454.464775624682
"1680",-297.226710792712,-481.532187226109
"1681",-248.297476203057,-437.71902234486
"1682",-165.224977365365,-495.015481489871
"1683",-241.277942668723,-493.43761706243
"1684",-273.590877622231,-478.895694806888
"1685",-196.132322531796,-461.236727081542
"1686",-274.469719354961,-472.098119042513
"1687",-267.187975170745,-488.063275698109
"1688",-216.155257154112,-502.382560654744
"1689",-221.989133108678,-464.991931573509
"1690",-198.365637660659,-471.812774913968
"1691",-238.315286575326,-511.930537162867
"1692",-225.649880208976,-529.198908103826
"1693",-246.828662994617,-513.325196285206
"1694",-229.918269935376,-477.746306340549
"1695",-176.273751194388,-514.890629306214
"1696",-180.985167061932,-535.882946541898
"1697",-158.340637077873,-502.677194272357
"1698",-189.74364462448,-480.921338679383
"1699",-195.335172322917,-512.04971848491
"1700",-169.879610928395,-515.370386387646
"1701",-152.634132483417,-444.204400716543
"1702",-175.802025031352,-522.555623374678
"1703",-198.185068711306,-516.628433725732
"1704",-168.210481889553,-518.075586337775
"1705",-211.320474051429,-472.615109681002
"1706",-190.49782979551,-496.30640123543
"1707",-184.880081761414,-487.289364174249
"1708",-149.528854588836,-522.038409257883
"1709",-195.539399258259,-508.692831545134
"1710",-213.423210839666,-513.785753549931
"1711",-116.277579338147,-461.68405505374
"1712",-205.418255280528,-524.295897889473
"1713",-164.117303046895,-528.425743345785
"1714",-116.225230582917,-504.663830112898
"1715",-81.480131449112,-506.027301137407
"1716",-152.692795382629,-504.506166766944
"1717",-130.819895024091,-595.087285871321
"1718",-134.115592668399,-500.27592127519
"1719",-94.0431365814368,-546.784859587187
"1720",-151.365178700151,-527.887329296647
"1721",-143.262973159495,-484.053342464596
"1722",-73.3180535120221,-542.82642488601
"1723",-70.907773424502,-509.729529340684
"1724",-86.4990223881451,-506.021033467824
"1725",-135.525993653503,-559.868020783837
"1726",-69.2486445845669,-475.175785540644
"1727",-87.7571170569261,-509.99357142396
"1728",-107.731054843247,-557.719402519383
"1729",-131.351747185529,-523.268380490913
"1730",-94.7463700226681,-529.852137335328
"1731",-97.8051968485355,-564.186765657607
"1732",-76.1083720922995,-546.617114644837
"1733",-127.093505585479,-518.554300183509
"1734",-86.7641386918315,-533.489471772929
"1735",-100.571515856081,-529.288206586508
"1736",-85.1230195421264,-515.854293491821
"1737",-83.219968747085,-521.675315036443
"1738",-85.9263783742149,-570.962777626364
"1739",-91.9606242318558,-557.343421723697
"1740",-54.457384292177,-539.025733172824
"1741",-103.080026920865,-504.156728954942
"1742",-77.0531552004674,-532.94052820992
"1743",-108.197125705382,-573.634559951797
"1744",-48.964951204816,-505.220927684242
"1745",-60.725826535275,-512.313396124194
"1746",-29.5719467765144,-615.027278889552
"1747",-47.5562326070597,-540.599893544667
"1748",-45.8271686689445,-524.766093264989
"1749",-17.8271774251531,-543.238296572745
"1750",-78.5259061404247,-528.781154343376
"1751",-34.2628736669902,-478.033203439642
"1752",-9.11965100961329,-535.995813631312
"1753",-45.6776018637126,-545.584827551378
"1754",17.7064281516052,-546.580426851749
"1755",-24.2729382500612,-537.293915866135
"1756",35.1428660988117,-541.923688530611
"1757",23.6651934134801,-495.458606331778
"1758",-36.0171327855339,-531.118282313926
"1759",-22.6929962252756,-504.616094505222
"1760",-12.1287448974853,-508.666072541022
"1761",5.23505871305636,-511.246835414723
"1762",-51.5868491244878,-479.414079980594
"1763",51.0572284963725,-562.275488207841
"1764",22.5269519983078,-537.025406026596
"1765",-24.5565855387793,-534.616434876921
"1766",-13.154754111086,-523.594661921796
"1767",36.3751465258614,-558.957501300645
"1768",79.7766712214846,-531.311647969746
"1769",-23.3504131526488,-529.711451558134
"1770",0.952413089364043,-541.249911859863
"1771",100.154547056258,-503.887478427445
"1772",44.967338153392,-511.571737348071
"1773",19.8200502018466,-520.673773620383
"1774",55.2073811449017,-511.393171966142
"1775",82.6475627590221,-518.197950759588
"1776",53.1671711648412,-493.588420047514
"1777",102.74242152032,-508.842369424473
"1778",56.7545269693236,-488.568040606552
"1779",54.0417461277692,-532.30937913439
"1780",123.313329350132,-467.83558030686
"1781",56.5577044681636,-523.986605088099
"1782",129.370775080685,-515.560375070805
"1783",12.8740598885086,-547.835642511489
"1784",37.6929704749497,-525.279591140207
"1785",22.0852001391112,-528.912982682973
"1786",68.3223177213235,-519.953416874536
"1787",52.9974157589071,-521.306090037776
"1788",91.8729712124106,-495.549566769576
"1789",176.435040739487,-532.949687682876
"1790",99.3306548699054,-513.983477932103
"1791",121.465501336635,-491.285608052813
"1792",87.9344680677827,-479.790774810457
"1793",71.4976772267866,-505.03594515484
"1794",149.37167594411,-527.212688871732
"1795",109.082369324864,-503.34779488249
"1796",156.480624890742,-450.116396398443
"1797",148.575894011897,-511.724991239236
"1798",121.484506261813,-465.810128175399
"1799",152.278597050926,-523.720288940408
"1800",98.3924806675219,-488.994780337274
"1801",122.55986854202,-497.298475457725
"1802",122.348509493457,-468.62695444647
"1803",115.980466487236,-462.744173655529
"1804",135.179376616794,-506.304291570968
"1805",122.708446627781,-479.346374566736
"1806",168.891769602849,-508.63148043311
"1807",181.961118461058,-523.676775619734
"1808",179.321459792302,-553.318510808455
"1809",136.828397209676,-502.185547472379
"1810",181.797003334796,-485.50346120112
"1811",139.853966624026,-452.388930843774
"1812",179.664275414383,-527.637508168371
"1813",160.647167581526,-519.514423634972
"1814",183.685620928583,-499.52925498416
"1815",173.08591357271,-526.815402527642
"1816",192.526320771782,-491.80268727416
"1817",212.8503993137,-489.707862358331
"1818",193.386761168745,-499.360423476304
"1819",160.07392745336,-498.049845895853
"1820",160.99299488277,-489.778463670858
"1821",187.033187788267,-453.310853316733
"1822",209.648245908178,-495.777648537994
"1823",186.78142284388,-476.519344025698
"1824",220.20655118644,-509.651286908818
"1825",197.82229196284,-485.953582525003
"1826",189.193759817134,-484.966867780013
"1827",204.521517494403,-421.953593863556
"1828",168.10405763139,-420.238331857319
"1829",175.464748995113,-452.176515074678
"1830",227.547352553109,-441.5058922958
"1831",163.890294727676,-487.652371888343
"1832",222.852484985104,-489.190775794932
"1833",229.90485532611,-420.189640015691
"1834",228.930294051831,-473.642880597731
"1835",274.500817072149,-441.259943451071
"1836",231.198634149923,-444.540355233244
"1837",227.788037277439,-487.299180234193
"1838",223.094095587016,-472.024371707455
"1839",228.798148876089,-466.570821568587
"1840",250.834509717805,-414.591124239043
"1841",253.875422262737,-440.210667831587
"1842",243.346111156394,-473.405888520787
"1843",273.492574923175,-486.989300247748
"1844",198.097766031636,-433.876425321403
"1845",250.589864255139,-439.034515556692
"1846",248.637685616031,-427.687863948397
"1847",247.409794387137,-398.370618273054
"1848",325.664192661685,-452.426988670395
"1849",278.184738763504,-467.866098448414
"1850",241.646307130825,-429.69402180087
"1851",273.17736018513,-396.412196458144
"1852",255.661233321757,-464.899474455707
"1853",254.43355851846,-440.379453441098
"1854",292.755890507863,-403.165152385969
"1855",297.868305699817,-398.321672774171
"1856",274.425482460089,-401.979727541245
"1857",246.452464267208,-482.616698309757
"1858",258.106753429639,-421.547301645585
"1859",365.081278350856,-382.636214386011
"1860",290.858695724403,-417.024075838156
"1861",292.599686712607,-407.17633711978
"1862",268.494188606376,-426.375654162826
"1863",301.602794195567,-407.961278675083
"1864",235.948325158229,-413.818662854851
"1865",313.319260491311,-461.392864557526
"1866",263.948336719755,-442.361635009833
"1867",246.109098294955,-382.815245933023
"1868",319.215803524991,-394.796436963785
"1869",349.85087773157,-434.52788801904
"1870",340.00800359452,-357.624532706913
"1871",305.01888782576,-422.749577120197
"1872",311.730790395963,-423.719355831811
"1873",254.895425679485,-403.592507230754
"1874",309.430086198404,-380.905062681562
"1875",328.633624124558,-374.44005181046
"1876",307.059892669701,-394.911691292891
"1877",365.135456762186,-372.364821346243
"1878",284.535403764661,-371.515794569104
"1879",289.539926534529,-386.159481159931
"1880",316.131135282527,-340.81352490745
"1881",338.537171620346,-379.764247692168
"1882",354.856322223373,-348.401633135554
"1883",344.716733162451,-360.900046363287
"1884",365.711474633855,-336.588450638688
"1885",404.981195062676,-372.468517569879
"1886",286.029635386779,-349.066955883944
"1887",366.428894276499,-384.515253539992
"1888",317.49240865483,-327.573402022642
"1889",372.836523427236,-351.183082216539
"1890",366.605554905272,-322.663419700331
"1891",346.969891976265,-312.019859614852
"1892",359.187177009209,-356.505942770536
"1893",364.74214625126,-330.993273605597
"1894",366.967189550291,-349.136536446859
"1895",338.256771946129,-365.567414515473
"1896",328.976722662125,-327.423538979284
"1897",371.217205223894,-316.938734337681
"1898",383.903620161204,-362.915323686351
"1899",411.508688389439,-328.272709971938
"1900",366.010422916455,-336.156827729757
"1901",399.464576115812,-281.131208608165
"1902",355.062028663483,-352.257711731043
"1903",340.610166122464,-271.019908434337
"1904",368.72929874681,-361.933454099915
"1905",398.726002447179,-281.551893872774
"1906",423.734867182746,-324.276349229142
"1907",404.496618763081,-324.017993966113
"1908",385.265340891525,-340.303301311276
"1909",414.849308300352,-278.876737904699
"1910",430.015618963656,-316.177989819945
"1911",420.577833908864,-237.844170867335
"1912",419.971621075029,-317.13393689407
"1913",405.812445093579,-268.34906714809
"1914",360.759827406896,-296.404128554948
"1915",404.828366525963,-306.590864888288
"1916",441.861889892577,-243.983026131218
"1917",415.807438896016,-265.534316565089
"1918",394.934809730774,-313.274582869666
"1919",451.963692453511,-244.782681114523
"1920",380.543380258918,-285.409591223292
"1921",435.655583316839,-268.639544364866
"1922",416.555900976484,-286.348509711088
"1923",455.112321796899,-202.291856210141
"1924",388.664303769123,-280.669500983259
"1925",398.782468977462,-315.911859881788
"1926",360.512657208658,-254.647794824474
"1927",497.644739842632,-219.951954924792
"1928",462.725118756036,-277.479604716675
"1929",386.804932319602,-323.966118312031
"1930",433.043447240756,-253.217818933489
"1931",428.102742628825,-250.64835612413
"1932",407.125715071967,-237.564329842167
"1933",465.008010158657,-230.251213962891
"1934",457.370325723465,-251.83625157343
"1935",403.794780753615,-247.257946844004
"1936",460.126676545612,-213.079172864088
"1937",469.984041152136,-241.027911967353
"1938",413.965288905663,-214.184122354316
"1939",446.607642759608,-184.817407413348
"1940",457.028472606867,-233.582900003
"1941",480.087983411448,-269.68565346485
"1942",454.2410993583,-224.795568484772
"1943",450.340153149893,-159.527182872585
"1944",437.698116318371,-197.077005828881
"1945",418.926249257616,-128.945946835836
"1946",402.713160506892,-221.316942416659
"1947",478.534358549783,-199.655343676555
"1948",440.755177385744,-151.574365999458
"1949",481.151815380505,-202.640328120898
"1950",404.978019454475,-187.943916063046
"1951",462.847421882907,-206.690870597243
"1952",471.79611093438,-168.245425681227
"1953",409.014099834406,-136.667691198262
"1954",425.473964385878,-188.607036940391
"1955",476.080654938925,-118.105809057899
"1956",517.375410240921,-182.74200991439
"1957",431.051597151507,-139.167130575601
"1958",429.909751845439,-174.195540229845
"1959",470.767351778061,-176.533849128142
"1960",438.479008387175,-147.789126466518
"1961",412.187602958982,-219.95619254945
"1962",440.656921959373,-154.74823169745
"1963",461.476891525724,-112.225110565661
"1964",471.082069792044,-164.262695504972
"1965",501.892973952865,-135.741110265364
"1966",492.539988772715,-142.91748842613
"1967",488.239931285904,-149.884961753227
"1968",482.406612583699,-150.043329589483
"1969",498.343042870707,-117.517071311737
"1970",495.013289542097,-115.822985082682
"1971",462.497119003701,-80.5425193332637
"1972",432.554969351433,-104.767784756497
"1973",463.365671360554,-136.847718011257
"1974",496.611096300315,-47.6004320005969
"1975",464.071457922281,-75.940128611261
"1976",466.535021763231,-77.1509038671938
"1977",464.074772360096,-108.517198170933
"1978",492.059315592554,-90.4672925404959
"1979",509.506434760419,-113.474338062753
"1980",433.655380171014,-124.03342227217
"1981",511.412377730468,-59.6804894876929
"1982",515.45101846478,-47.2167812038532
"1983",439.829325894596,-68.5281580115153
"1984",459.672463627169,-82.4138884246946
"1985",434.296231473251,-85.315068369556
"1986",439.512345971105,-73.1456552419072
"1987",476.303469767477,-13.4638761749624
"1988",471.371259040097,-10.0243204692438
"1989",427.651765020942,-79.7105292945067
"1990",435.305322779773,-37.0054086786078
"1991",443.658244272698,-41.6967407015316
"1992",401.877713559665,-75.3002351795558
"1993",473.980498919048,-34.8827210946218
"1994",462.108072522272,-32.6893862174608
"1995",440.338813161475,11.1693014773527
"1996",433.9035831847,-15.8005854935183
"1997",470.538905920121,-33.8453931545493
"1998",450.961081924028,-31.2098807092554
"1999",447.107768699656,-17.1459898710951
"2000",464.142791643809,-67.0250210847551
"2001",425.697161536664,203.917343169451
"2002",65.3745439834893,-126.595576107502
"2003",136.318217497319,391.888966038823
"2004",-494.741032551974,278.92179088667
"2005",-435.464552789927,499.560014158487
"2006",-131.906963512301,-496.886407211423
"2007",-473.786622751504,181.313809845597
"2008",46.1725730448961,-197.922561038285
"2009",-106.812975928187,-263.826909475029
"2010",-445.357502158731,-369.952306430787
"2011",433.100569434464,-447.867582086474
"2012",-75.2192071639001,22.490209992975
"2013",560.259122494608,6.30375863984227
"2014",-363.258725591004,569.842856749892
"2015",567.536849342287,-25.13388376683
"2016",-283.27532960102,504.884161613882
"2017",93.278899602592,-79.2872146703303
"2018",-138.86051941663,120.597880426794
"2019",351.652329973876,-287.749290838838
"2020",-75.0521617010236,-408.932781592011
"2021",265.462670009583,-254.222938511521
"2022",-550.292551517487,361.953487806022
"2023",561.189232114702,-242.002889513969
"2024",134.781402815133,-570.027834177017
"2025",208.79468685016,18.4747436083853
"2026",403.055751509964,-309.855915326625
"2027",240.620157122612,-344.648053497076
"2028",-382.504363451153,-272.435799334198
"2029",-473.975737765431,391.313232947141
"2030",-347.443425189704,545.434457715601
"2031",-59.062426071614,-392.259519919753
"2032",108.439130801708,-376.375026348978
"2033",527.062962111086,-473.085490521044
"2034",-457.172955852002,-572.443877812475
"2035",-459.434524085373,294.035365618765
"2036",422.566078137606,-149.510022439063
"2037",317.607496585697,41.3926022127271
"2038",201.27667458728,-201.179284416139
"2039",446.150053292513,-485.897043161094
"2040",-219.487909041345,230.715713370591
"2041",-63.202503696084,572.914122417569
"2042",110.56964546442,-73.274140432477
"2043",-413.595953397453,164.351531490684
"2044",539.902403857559,-494.731054175645
"2045",227.006093692034,178.799958340824
"2046",464.488205965608,-93.6982043087482
"2047",-373.978663142771,-11.1836152151227
"2048",411.838357429951,-268.783906660974
"2049",433.871500287205,-34.8236493766308
"2050",-452.202766388655,196.300446800888
"2051",515.037811081856,66.1067876033485
"2052",337.095491867512,321.713372413069
"2053",69.9080941267312,278.726702928543
"2054",27.6637041941285,-142.356370110065
"2055",577.859528269619,411.871346924454
"2056",367.306250520051,334.362499136478
"2057",334.259754884988,-588.28613832593
"2058",-511.471437290311,10.4752563871443
"2059",117.526788264513,-480.494769662619
"2060",-76.3350698165596,-409.127221349627
"2061",317.005341500044,578.709856420755
"2062",525.833156704903,404.482698999345
"2063",134.670506604016,313.071059715003
"2064",279.877580981702,-556.757971923798
"2065",55.5959246121347,14.6095960400999
"2066",413.202870637178,-468.270471319556
"2067",-361.554130911827,332.56772775203
"2068",-281.293029896915,-216.926274262369
"2069",116.552700474858,-67.3713094554842
"2070",-559.212809801102,303.781771101058
"2071",457.806235738099,-243.720179144293
"2072",-527.246430516243,-328.476788196713
"2073",487.822837382555,-291.70190775767
"2074",483.188983798027,491.525222640485
"2075",356.408523023129,-160.855603404343
"2076",538.021104689687,-308.703413140029
"2077",363.233235385269,117.239379230887
"2078",-414.922596886754,33.8771402835846
"2079",188.216809462756,-597.08073399961
"2080",-45.9266636520624,-450.286244228482
"2081",-544.643084239215,491.042499896139
"2082",41.4305364713073,290.610244497657
"2083",339.304234553128,-486.084610037506
"2084",346.074333786964,-410.487652011216
"2085",-135.404464043677,-70.1526925899088
"2086",-375.160485226661,170.553231798112
"2087",-553.086199332029,-52.291083522141
"2088",599.466732423753,-517.904791329056
"2089",119.841403886676,505.392186809331
"2090",365.455378219485,-470.461109373719
"2091",-506.482370942831,-444.530230946839
"2092",474.528183415532,388.728373032063
"2093",-106.113814841956,-469.416343700141
"2094",43.8503835350275,68.2595400139689
"2095",-143.044799566269,-10.5089910328388
"2096",-588.572905864567,116.121466085315
"2097",599.16024254635,30.550254508853
"2098",469.009012542665,349.84026029706
"2099",56.7914913408458,64.3672465346754
"2100",583.222498465329,-270.477476902306
"2101",559.028596244752,376.757102552801
"2102",-386.109963990748,-417.499517742544
"2103",-568.400189001113,399.098426476121
"2104",-65.8229526132345,-585.437122453004
"2105",429.510651994497,-532.438146136701
"2106",-483.435439970344,156.752062216401
"2107",-184.803108964115,-50.0996089540422
"2108",308.955150190741,-277.25832676515
"2109",81.5041939727962,-233.493601810187
"2110",393.114380445331,-174.057147279382
"2111",190.547917038202,552.347883582115
"2112",537.954204808921,42.9908098652959
"2113",-581.5698296763,-285.297342762351
"2114",-582.652363087982,-267.962812352926
"2115",292.748038563877,-535.309736710042
"2116",-212.599594239146,-475.712353829294
"2117",132.341677788645,-108.271787781268
"2118",-247.286696266383,-349.580454546958
"2119",-474.873894453049,508.258257899433
"2120",-103.671212308109,91.6122011840343
"2121",-599.768226686865,594.379886426032
"2122",272.466892562807,-356.183516699821
"2123",-247.365641221404,-270.761061832309
"2124",-285.187554359436,-495.329974684864
"2125",-113.745168037713,-171.656500641257
"2126",573.327637184411,-108.344744704664
"2127",58.2167208194733,-384.350615367293
"2128",-49.1814077831805,110.256727784872
"2129",221.163455117494,-103.856895491481
"2130",-350.242502242327,-74.9946892261505
"2131",-357.971246726811,-345.886131562293
"2132",111.027623154223,464.312391914427
"2133",-236.231483984739,382.656277902424
"2134",-269.379773363471,-389.160043280572
"2135",105.00158155337,-370.245675556362
"2136",599.241046328098,116.872213594615
"2137",-19.3234333768487,-476.275359559804
"2138",286.401220411062,-103.6969140172
"2139",254.617523867637,121.541330683976
"2140",-464.109248667955,127.339001186192
"2141",490.843078214675,-292.29463879019
"2142",-349.061682354659,56.288353074342
"2143",354.02541719377,-97.9936581104994
"2144",478.140717744827,579.761776607484
"2145",228.497734386474,-240.391312446445
"2146",154.265830758959,-87.273329962045
"2147",-495.199374854565,352.277061436325
"2148",304.795475956053,501.728276442736
"2149",540.291093941778,352.562214061618
"2150",271.548620983958,-412.333787139505
"2151",314.953277260065,-362.08634795621
"2152",559.739668853581,-590.583949629217
"2153",-195.194200146943,353.608464449644
"2154",-566.808589082211,-431.276720389724
"2155",562.753472942859,-283.600466698408
"2156",-289.128740597516,254.364429228008
"2157",-255.86358262226,-540.562607254833
"2158",-17.047306895256,373.860362917185
"2159",-245.834111887962,98.0738849379122
"2160",130.083978921175,-326.296396180987
"2161",-428.604456782341,-276.977933384478
"2162",342.650804109871,338.757612369955
"2163",-583.857550285757,511.748217232525
"2164",231.637717690319,500.449723564088
"2165",-77.1901851519942,-144.610841106623
"2166",-32.4601348489523,444.974185712636
"2167",503.872283734381,3.15511263906956
"2168",181.658588536084,-337.568328715861
"2169",301.1628982611,206.775046885014
"2170",102.941795624793,-276.736578438431
"2171",99.9402780085802,-484.1224020347
"2172",-156.728573329747,-474.32283628732
"2173",-435.603767540306,-415.467667579651
"2174",-514.359357766807,104.245099145919
"2175",-89.6675202995539,-378.3542082645
"2176",286.639369279146,-505.916385445744
"2177",-144.4066808559,-48.9677821286023
"2178",-358.768490608782,234.506449196488
"2179",-209.007209166884,551.515074726194
"2180",-176.497126556933,365.77369607985
"2181",-158.522923942655,-377.876774221659
"2182",422.791269421577,319.307079445571
"2183",-164.657907932997,251.098620146513
"2184",-385.150368791074,-117.354843299836
"2185",223.50444663316,276.60078657791
"2186",323.587064165622,-373.846260365099
"2187",251.65821891278,513.158951327205
"2188",-20.8823192864656,512.458226736635
"2189",109.153205249459,314.270901773125
"2190",-308.958624769002,-0.0771878287196159
"2191",-366.799607500434,-192.641298472881
"2192",-150.758734345436,473.210922628641
"2193",-372.009813040495,272.298789024353
"2194",244.577161967754,-347.890987526625
"2195",290.59526771307,-138.526005204767
"2196",-255.085336603224,-537.775628920645
"2197",37.1210181154311,562.193330470473
"2198",-387.635285966098,346.686919033527
"2199",-157.877161446959,-189.385518617928
"2200",-360.261549521238,-532.304808497429
"2201",454.909525439143,-234.390756301582
"2202",299.985153693706,-137.600534129888
"2203",154.330224730074,-180.808661598712
"2204",269.411034788936,-507.474423665553
"2205",-109.336529485881,475.089316628873
"2206",69.8923079296947,285.64237235114
"2207",595.351387001574,128.737494628876
"2208",-196.164734847844,-233.205546811223
"2209",306.038152333349,176.985664945096
"2210",-120.16176301986,-230.425764340907
"2211",-215.780191496015,-277.949382271618
"2212",15.8925723284483,-100.559769943357
"2213",-197.613407950848,-42.9533743299544
"2214",380.472245626152,471.712768636644
"2215",158.984682708979,383.020563796163
"2216",569.396349135786,-387.968804128468
"2217",-426.930267177522,-32.8943165950477
"2218",-450.253930315375,565.807655733079
"2219",-385.868108924478,546.578984800726
"2220",396.692085731775,143.116670753807
"2221",-546.177284605801,-207.236198801547
"2222",-98.8317257724702,-58.9770720340312
"2223",64.7479911334813,-93.8232203945518
"2224",-187.10498996079,-358.9933748357
"2225",-477.816559933126,-367.952325381339
"2226",523.152733873576,-285.811171587557
"2227",-231.085775233805,-435.1124108769
"2228",180.750073771924,-254.151736758649
"2229",-190.11788321659,113.596347346902
"2230",-248.44693467021,2.29202443733811
"2231",144.296762533486,-91.5028542280197
"2232",13.9478252269328,266.494479496032
"2233",-200.644622649997,-418.004894535989
"2234",-99.5937569998205,-21.7567549087107
"2235",-228.197494614869,-583.581784274429
"2236",47.9414837434888,310.52045635879
"2237",206.771181151271,-453.23259467259
"2238",513.120444025844,-151.192095503211
"2239",-255.508388020098,336.437598802149
"2240",-459.203600138426,-48.2332214713097
"2241",-406.786750629544,-279.914905037731
"2242",-146.940723247826,-349.192841537297
"2243",-565.031799394637,-70.948966126889
"2244",461.862490698695,175.917633343488
"2245",206.732981465757,-548.129789717495
"2246",485.806905291975,567.136802058667
"2247",18.0789764039218,487.120641209185
"2248",160.853429418057,270.088444277644
"2249",421.198105998337,545.566712412983
"2250",-384.156904555857,-549.278987757862
"2251",9.47626959532499,-255.893687065691
"2252",494.141774810851,183.251287322491
"2253",-206.368380971253,283.881655801088
"2254",541.577469371259,441.972508281469
"2255",-292.25559476763,-244.714880548418
"2256",-305.426787771285,-322.585323918611
"2257",567.50931981951,397.566232457757
"2258",-269.284511916339,7.74422949180007
"2259",-14.6900047548115,-212.488274741918
"2260",-344.640811253339,-229.42244047299
"2261",-329.917578119785,226.031516399235
"2262",-181.99963811785,-542.31279976666
"2263",407.348175253719,514.7520840168
"2264",-560.796168912202,41.3566027767956
"2265",-261.78620941937,-356.598599161953
"2266",561.971983406693,-352.386982552707
"2267",249.752049241215,-106.794379558414
"2268",566.349128633738,-161.523189302534
"2269",547.371307667345,-595.607502758503
"2270",-341.55732979998,-81.9236836396158
"2271",251.47300818935,-94.0123116597533
"2272",-343.353431671858,36.7264229804277
"2273",-49.6633800677955,-83.9374207891524
"2274",-370.543882157654,-19.4493119604886
"2275",436.072009708732,-595.461690891534
"2276",17.5204946659505,-33.1464897841215
"2277",87.8341977484524,-106.952423416078
"2278",213.695548754185,-279.403503891081
"2279",-430.230063199997,295.063137542456
"2280",-575.455950479954,-374.296807777137
"2281",275.478292163461,448.745637293905
"2282",497.509598359466,197.015257179737
"2283",332.721126358956,434.095926582813
"2284",-163.707520253956,386.013500578701
"2285",549.556378740817,-55.1824520342052
"2286",-485.489031113684,-32.5762448832393
"2287",298.285335302353,-363.037559296936
"2288",-53.5726390779018,-286.987193394452
"2289",194.402606226504,536.520304251462
"2290",429.293651785702,453.418066073209
"2291",-240.254906192422,-491.746821440756
"2292",298.729282524437,-235.367747303098
"2293",196.530835423619,382.745067682117
"2294",-487.870901729912,-307.379022985697
"2295",-5.5003322660923,-179.198983311653
"2296",-515.434587467462,241.127729415894
"2297",381.378938164562,-200.81094307825
"2298",429.249835386872,434.145180601627
"2299",40.9357253462076,-401.247679721564
"2300",-341.265692934394,-511.878518108279
